index,published,extreme,topic,domain,language,valid,title,description,url,image,archive,content,en,de,la
016868c90d413951c32555d87b64538a,2026-03-01T01:12:37Z,Snow&Ice,Hazard,english.khabarhub.com,en,0.7,Snowfall expected in a few Himalayan areas today,"KATHMANDU: A western low-pressure system is currently affecting Nepal’s upper atmosphere, according to the Department of Hydrology and Meteorology’s Weather Forecasting Division. The hilly and mountainous regions of Koshi, Bagmati, and Gandaki provinces, as w…",https://english.khabarhub.com/2026/01/537104/,https://english.khabarhub.com/wp-content/uploads/2025/04/weather-2.jpg,,"KATHMANDU: A western low-pressure system is currently affecting Nepals upper atmosphere, according to the Department of Hydrology and Meteorologys Weather Forecasting Division.
The hilly and mountai… [+1491 chars]","Snowfall expected in a few Himalayan areas today. KATHMANDU: A western low-pressure system is currently affecting Nepal’s upper atmosphere, according to the Department of Hydrology and Meteorology’s Weather Forecasting Division. The hilly and mountainous regions of Koshi, Bagmati, and Gandaki provinces, as w…","Heute wird in einigen Himalaya-Gebieten mit Schneefall gerechnet. KATHMANDU: Nach Angaben der Wettervorhersageabteilung des Ministeriums für Hydrologie und Meteorologie wirkt sich derzeit ein westliches Tiefdrucksystem auf die obere Atmosphäre Nepals aus. Die hügeligen und bergigen Regionen der Provinzen Koshi, Bagmati und Gandaki sowie …","Nix exspectatur in paucis locis Himalayanensibus hodie. KATHMANDU: Systema humilis-pressura occidentis atmosphaeram Nepalinum superius affectans currently est, secundum Department of Hydrologiae et Meteorologiae Weather Weathering Division. Regiones montanae et montanae Koshi, Bagmati et Gandaki provinciae, ut w…"
83eb377694238948b7e8e10b97c1fa78,2026-03-01T02:30:51Z,Earthquake,Hazard,economictimes.indiatimes.com,en,0.9,Earthquake hits Jammu and Kashmir's Doda,"A 4.2 magnitude earthquake jolted the mountainous Doda district of Jammu and Kashmir early Sunday morning. The tremor, felt at 01:25 am, had its epicenter five kilometers below the surface. Fortunately, officials reported no damage or casualties resulting fro…",https://economictimes.indiatimes.com/news/india/earthquake-hits-jammu-and-kashmirs-doda/articleshow/128903516.cms,"https://img.etimg.com/thumb/msid-128903529,width-1200,height-630,imgsize-27310,overlay-economictimes/articleshow.jpg",http://web.archive.org/web/20260301032031/https://economictimes.indiatimes.com/news/india/earthquake-hits-jammu-and-kashmirs-doda/articleshow/128903516.cms,"A 4.2 magnitude earthquake jolted the mountainous Doda district of Jammu and Kashmir early Sunday morning. The tremor, felt at 01:25 am, had its epicenter five kilometers below the surface. Fortunate… [+82 chars]","Earthquake hits Jammu and Kashmir's Doda. A 4.2 magnitude earthquake jolted the mountainous Doda district of Jammu and Kashmir early Sunday morning. The tremor, felt at 01:25 am, had its epicenter five kilometers below the surface. Fortunately, officials reported no damage or casualties resulting fro…","Erdbeben erschüttert Jammu und Kashmirs Doda. Ein Erdbeben der Stärke 4,2 erschütterte am frühen Sonntagmorgen den bergigen Distrikt Doda in Jammu und Kaschmir. Das Erdbeben, das um 01:25 Uhr zu spüren war, hatte sein Epizentrum fünf Kilometer unter der Oberfläche. Glücklicherweise meldeten die Beamten keine Schäden oder Verluste durch …","Terrae motus Jammu et Kashmir Doda pervenit. A 4.2 Magnitudo terrae motus commotus est montuosus Doda regio Iammu et Kashmir primo die dominico mane. Tremor, cum 01:25 sum, sensit epicenter quinque chiliometra infra superficiem habuit. Fortunate, magistratus retulerunt nullum damnum vel casus inde discursum…"
70b6221be23d78f940eb759d04a43aaf,2026-03-01T03:00:44Z,Snow&Ice,Hazard,www.stern.de,de,0.9,Straßen und Schienen: Welche Folgen das Winterwetter für Baustellen hat,"Wochenlang herrschten in Norddeutschland Kälte, Frost und Schnee. Bei Straßen und Gleisen konnte deshalb nicht immer so gebaut werden, wie vorgesehen. Brauchen Reisende also mehr Geduld?",https://www.stern.de/gesellschaft/regional/hamburg-schleswig-holstein/strassen-und-schienen--welche-folgen-das-winterwetter-fuer-baustellen-hat-37180252.html,https://image.stern.de/37180254/t/B6/v1/w1440/r1.7778/-/01--ejxrhe64ofv4axs2048jpeg---7da61c591e83a2af.jpg,,"Kopiere den aktuellen Link
Zur Merkliste hinzufügen
Wochenlang herrschten in Norddeutschland Kälte, Frost und Schnee. Bei Straßen und Gleisen konnte deshalb nicht immer so gebaut werden, wie vorges… [+5070 chars]","Roads and railways: What consequences winter weather has for construction sites. Cold, frost and snow prevailed in northern Germany for weeks. It was therefore not always possible to build roads and tracks as planned. So do travelers need more patience?","Straßen und Schienen: Welche Folgen das Winterwetter für Baustellen hat. Wochenlang herrschten in Norddeutschland Kälte, Frost und Schnee. Bei Straßen und Gleisen konnte deshalb nicht immer so gebaut werden, wie vorgesehen. Brauchen Reisende also mehr Geduld?","Viae et ferriviaria: Quid consecutiones hiemis tempestates pro constructione sites habeat. Frigus, gelu et nix in Germania septentrionali per septimanas praevaluit. Itaque non semper potuit vias et semitas construere, prout destinatum erat. Siccine viatores patientius egent?"
1fdd769960822fe481d245058af8d673,2026-03-01T03:42:15Z,Volcano,Impacts,rpnradio.com,en,0.7,Bacolod: Capitol donates La Castellana property as relocation site for Kanlaon victims,"Bacolod City – La Castellana residents who are no longer allowed to return and reside within the 4-kilometer permanent danger zone of Kanlaon Volcano, may soon have a permanent relocation site. The provincial government of Negros Occidental, through Governor …",https://rpnradio.com/bacolod-capitol-donates-la-castellana-property-as-relocation-site-for-kanlaon-victims/,https://rpnradio.com/wp-content/uploads/2026/02/capitol-donates.jpg,,"Bacolod City – La Castellana residents who are no longer allowed to return and reside within the 4-kilometer permanent danger zone of Kanlaon Volcano, may soon have a permanent relocation site.
The … [+941 chars]","Bacolod: Capitol donates La Castellana property as relocation site for Kanlaon victims. Bacolod City – La Castellana residents who are no longer allowed to return and reside within the 4-kilometer permanent danger zone of Kanlaon Volcano, may soon have a permanent relocation site. The provincial government of Negros Occidental, through Governor …","Bacolod: Capitol spendet La Castellana-Grundstück als Umsiedlungsort für Kanlaon-Opfer. Bacolod City – Einwohner von La Castellana, die nicht mehr zurückkehren und sich innerhalb der 4 Kilometer langen permanenten Gefahrenzone des Kanlaon-Vulkans aufhalten dürfen, erhalten möglicherweise bald einen dauerhaften Umsiedlungsort. Die Provinzregierung von Negros Occidental, durch Gouverneur …","Bacolod: Capitolium possessionem La Castellana donat ut situs relocationis victimarum Kanlaon. Civitas Bacolod – La Castellana habitant, qui iam redire et residere non permittuntur intra 4 chiliometrorum periculorum permanentem Zonam Volcani Kanlaon, mox locum relocationis permanentem habere possunt. Gubernium Provinciale Negros Occidentale, per Gubernatorem …"
ae38e3982b409a67e96a50b3ceba1c29,2026-03-01T07:13:27Z,Flood,Hazard,www.bbc.com,en,0.9,How are flooding and storms affecting wildlife?,Recent rain and flooding across Devon and Cornwall is impacting wildlife and their habitats.,https://www.bbc.com/news/articles/czx1zq0xj00o,https://ichef.bbci.co.uk/news/1024/branded_news/b693/live/b964f030-0e3d-11f1-8705-e59653a64488.jpg,http://web.archive.org/web/20260301102221/https://www.bbc.com/news/articles/czx1zq0xj00o,"Hodgson said: ""Wildlife have relatively simple needs, they're much like people, they're looking for shelter, food, safety from disease and predators and breeding opportunities.""",How are flooding and storms affecting wildlife?. Recent rain and flooding across Devon and Cornwall is impacting wildlife and their habitats.,Wie wirken sich Überschwemmungen und Stürme auf die Tierwelt aus? Die jüngsten Regenfälle und Überschwemmungen in Devon und Cornwall haben Auswirkungen auf die Tierwelt und ihre Lebensräume.,Quomodo inundationes et procellae truculenter afficiunt? Recentes pluviae et inundationes per Devoniam et Cornubiam truculenter et eorum loca impacta sunt.
72d136ce5a48609e13052b7adc36474e,2026-03-01T07:15:03Z,Cold Wave,Causes,www.lifesciencesworld.com,en,0.3,What temperature is too cold for chinchillas?,"What Temperature is Too Cold for Chinchillas? The danger zone for chinchillas is when temperatures dip below 60°F (15.5°C); what temperature is too cold for chinchillas? It’s anything below this, as it can quickly lead to hypothermia and related health issues…",https://www.lifesciencesworld.com/what-temperature-is-too-cold-for-chinchillas/,,,"The danger zone for chinchillas is when temperatures dip below 60°F (15.5°C); what temperature is too cold for chinchillas? It’s anything below this, as it can quickly lead to hypothermia and related… [+8314 chars]","What temperature is too cold for chinchillas?. What Temperature is Too Cold for Chinchillas? The danger zone for chinchillas is when temperatures dip below 60°F (15.5°C); what temperature is too cold for chinchillas? It’s anything below this, as it can quickly lead to hypothermia and related health issues…","Welche Temperatur ist für Chinchillas zu kalt? Welche Temperatur ist für Chinchillas zu kalt? Die Gefahrenzone für Chinchillas besteht, wenn die Temperaturen unter 15,5 °C (60 °F) sinken. Welche Temperatur ist zu kalt für Chinchillas? Es gilt alles, was darunter liegt, da es schnell zu Unterkühlung und damit verbundenen Gesundheitsproblemen führen kann …","Quid temperatus nimis frigidus est ad chinchillas?. Quid Temperature nimis Frigidum est Chinchillas? Zona periculi chinchillas est cum calores infra 60°F tingunt (15.5°C); Quid temperatus nimis frigidus est ad chinchillas? Sub hoc aliquid est, quod cito potest ad hypothermia et quaestiones sanitatis affines…"
4adbfa9c1ce318d5c6a8a1524c753be7,2026-03-01T08:45:40Z,Snow&Ice,Hazard,english.khabarhub.com,en,0.9,Election materials to be airlifted by helicopter in Humla,"HUMLA: Election staff and materials, including ballot papers, will be transported by helicopter to four remote polling stations in Humla district due to heavy snowfall. According to Chief District Officer Tek Kumar Regmi, helicopters will be used to airlift p…",https://english.khabarhub.com/2026/01/537144/,https://english.khabarhub.com/wp-content/uploads/2025/11/election-commission-fagun-21.jpg,,"HUMLA: Election staff and materials, including ballot papers, will be transported by helicopter to four remote polling stations in Humla district due to heavy snowfall.
According to Chief District O… [+988 chars]","Election materials to be airlifted by helicopter in Humla. HUMLA: Election staff and materials, including ballot papers, will be transported by helicopter to four remote polling stations in Humla district due to heavy snowfall. According to Chief District Officer Tek Kumar Regmi, helicopters will be used to airlift p…","Wahlunterlagen sollen per Helikopter nach Humla geflogen werden. HUMLA: Wahlpersonal und Wahlmaterialien, einschließlich Stimmzettel, werden aufgrund des starken Schneefalls per Hubschrauber zu vier abgelegenen Wahllokalen im Bezirk Humla transportiert. Nach Angaben des Chief District Officer Tek Kumar Regmi werden Hubschrauber zum Lufttransport von Menschen eingesetzt.","Materiae electionis ab helicopter in Humla efferendae sunt. HUMLA: Electio virgam et materias, inclusas schedas schedulae, ab helicopter ad quattuor stationes remotas stationes in regione Humla portabitur propter gravem nix. Secundum Praefectum Districtus Tek Kumar Regmi, helicopteri adhibebuntur ad airlift p…"
10feefa769c595af348fd7c1b1ae4f0e,2026-03-01T09:00:00Z,Snow&Ice,Hazard,www.cbc.ca,en,0.9,Snowbanks are still blocking parking on some streets more than a month after Toronto's last big storm,"More than a month after Toronto's last major snowstorm, some residents are complaining their streets are still so clogged with curbside snowbanks that finding on-street parking remains a problem — not just for residents but local businesses too.",https://www.cbc.ca/news/canada/toronto/snow-removal-city-parking-side-streets-9.7107176,"https://i.cbc.ca/ais/9bcbc60e-3ecf-4271-a4fb-81b595cb68c1,1772142322294/full/max/0/default.jpg?im=Crop%2Crect%3D%280%2C0%2C1920%2C1080%29%3BResize%3D620",http://web.archive.org/web/20260301092339/https://www.cbc.ca/news/canada/toronto/snow-removal-city-parking-side-streets-9.7107176,"More than a month after Toronto's last major snowstorm, some residents are complaining their streets are still so clogged with curbside snowbanks that finding on-street parking remains a problem not … [+4431 chars]","Snowbanks are still blocking parking on some streets more than a month after Toronto's last big storm. More than a month after Toronto's last major snowstorm, some residents are complaining their streets are still so clogged with curbside snowbanks that finding on-street parking remains a problem — not just for residents but local businesses too.","Mehr als einen Monat nach dem letzten großen Sturm in Toronto blockieren Schneewehen immer noch das Parken auf einigen Straßen. Mehr als einen Monat nach dem letzten großen Schneesturm Torontos beschweren sich einige Anwohner, dass ihre Straßen immer noch so stark mit Schneewehen am Straßenrand verstopft sind, dass es immer noch ein Problem ist, Parkplätze auf der Straße zu finden – nicht nur für Anwohner, sondern auch für örtliche Unternehmen.","Snowbanks adhuc in viis quibusdam raedam claudunt plus quam mensem post Toronto novissimum magnum procellam. Plus quam mensem post Toronto postremum maioris nivis, aliqui incolas suas plateas queruntur adhuc tam impeditos nivibus curbsides ut invenientes in vicum raedam problema remaneat — non solum de habitantibus sed etiam negotiis localibus."
a3ff3c0a3a30f2ec5883930a36241249,2026-03-01T10:03:00Z,Fog,Causes,www.mindbodygreen.com,en,0.3,Cognitive Decline Is Not Inevitable — These Things Matter Most,You don't have to wait around for memory loss and brain fog; you can avoid them altogether.,https://www.mindbodygreen.com/articles/how-to-lower-your-alzheimers-risk-at-any-age-starting-today,"https://mindbodygreen-res.cloudinary.com/image/upload/c_crop,x_0,y_0,w_2000,h_1334/c_fill,w_2000,h_1200,g_auto,fl_lossy,f_jpg/org/1772123770836_lcapn4pevzn.jpg",,"Most of us have been taught to accept memory loss as an unavoidable part of getting older. Majid Fotuhi, M.D., a Harvard and Johns Hopkins-trained neurologist, brain health researcher, and author of … [+4119 chars]",Cognitive Decline Is Not Inevitable — These Things Matter Most. You don't have to wait around for memory loss and brain fog; you can avoid them altogether.,Ein kognitiver Verfall ist nicht unvermeidlich – diese Dinge sind am wichtigsten. Sie müssen nicht auf Gedächtnisverlust und Gehirnnebel warten; Sie können sie ganz vermeiden.,Cognitive Decline is not inevitable — Haec res Most. Non expectandum est circa memoriam damni et nebulae cerebri; omnino vitare potes.
1f7b481d2abc8bf7e33da859523e1919,2026-03-01T10:04:21Z,Heat Wave,Hazard,www.bbc.com,en,0.3,"After the warmest weather of the year so far, is winter finally over?","As we start meteorological spring, Simon King explores whether it is time to put away your winter coat.",https://www.bbc.com/weather/articles/c1d6q1l5r6do,https://ichef.bbci.co.uk/ace/branded_weather/1200/cpsprodpb/4766/live/1e255a20-1328-11f1-8080-b36026ca95b4.jpg,http://web.archive.org/web/20260301162748/https://www.bbc.com/weather/articles/c1d6q1l5r6do,"For meteorologists, spring is the three months of March, April and May. This means we have fixed periods of time to make comparisons and record what has happened during the season.
In the astronomic… [+1076 chars]","After the warmest weather of the year so far, is winter finally over?. As we start meteorological spring, Simon King explores whether it is time to put away your winter coat.","Ist der Winter nach dem bisher wärmsten Wetter des Jahres endlich vorbei? Zu Beginn des meteorologischen Frühlings untersucht Simon King, ob es an der Zeit ist, den Wintermantel wegzulegen.","Post calidissimas tempestates anni tantum est hiems tandem transmissa. Cum ver meteorologicum incipimus, Simon Rex explorat an tempus sit tunicam tuam hibernam dimittere."
2dd9c3164bd8ed3f57335f8e51aea65a,2026-03-01T10:29:59Z,Thunderstorm,Hazard,www.welt.de,de,0.9,"„Özdemir verspricht Dinge, die seine eigene Partei niemals mitgehen wird“",Eine Woche vor der Landtagswahl in Baden-Württemberg spitzt sich die Lage zu: In Umfragen sind die Grünen nah an die führende CDU gerückt. Der christdemokratische Spitzenkandidat Manuel Hagel verschärft im Interview den Ton gegenüber seinem grünen Mitbewerber…,https://www.welt.de/politik/deutschland/plus698b3be2533764e367a48b21/manuel-hagel-oezdemir-verspricht-dinge-die-seine-eigene-partei-niemals-mitgehen-wird.html,https://images.welt.de/698b3be2533764e367a48b21/ca20ded2bab56043f79fef81217b51de/ci16x9-w1200/543655871-jpg,http://web.archive.org/web/20260301110526/https://www.welt.de/politik/deutschland/plus698b3be2533764e367a48b21/manuel-hagel-oezdemir-verspricht-dinge-die-seine-eigene-partei-niemals-mitgehen-wird.html,Die WELT als ePaper: Die vollständige Ausgabe steht Ihnen bereits am Vorabend zur Verfügung so sind Sie immer hochaktuell informiert. Weitere Informationen https://epaper.welt.de,"“Özdemir promises things that his own party will never do.” A week before the state elections in Baden-Württemberg, the situation is coming to a head: in surveys, the Greens have moved close to the leading CDU. The Christian Democratic top candidate Manuel Hagel tightens his tone towards his green competitor in an interview...","„Özdemir verspricht Dinge, die seine eigene Partei niemals mitgehen wird“. Eine Woche vor der Landtagswahl in Baden-Württemberg spitzt sich die Lage zu: In Umfragen sind die Grünen nah an die führende CDU gerückt. Der christdemokratische Spitzenkandidat Manuel Hagel verschärft im Interview den Ton gegenüber seinem grünen Mitbewerber…","""Özdemir promittit ea quae suae factionis nunquam facturi sunt."" Septimana ante comitia publica in Baden-Württemberg venit, res ad caput venit: in lustrationibus, Greens prope CDU primoribus moverunt. Christianus Manuel Hagel candidatus Democraticae top tonum suum ad competitorem viridem in colloquium constringit ..."
c262dc459b633b6bb0efd9a70f2f6fe1,2026-03-01T11:38:32Z,Fog,Hazard,www.stern.de,de,0.8,Ski alpin: Schlechte Sicht: Super-G in Garmisch abgesagt,Garmisch-Partenkirchen - Der Weltcup-Super-G der Männer in Garmisch-Partenkirchen ist wegen schlechter Sicht abgesagt worden. Nebel und Regen,https://www.stern.de/gesellschaft/regional/bayern/ski-alpin--schlechte-sicht--super-g-in-garmisch-abgesagt-37181032.html,https://image.stern.de/37181034/t/wZ/v1/w1440/r1.7778/-/01--vh6klo37a3v4axs2048jpeg---fd140bc6f140fa72.jpg,,"Kopiere den aktuellen Link
Zur Merkliste hinzufügen
Nebel und Regen in den bayerischen Alpen: Ein Weltcup-Rennen wird nicht ausgetragen.
Der Weltcup-Super-G der Männer in Garmisch-Partenkirchen is… [+682 chars]",Alpine skiing: Poor visibility: Super-G in Garmisch canceled. Garmisch-Partenkirchen - The men's World Cup Super-G in Garmisch-Partenkirchen has been canceled due to poor visibility. Fog and rain,Ski alpin: Schlechte Sicht: Super-G in Garmisch abgesagt. Garmisch-Partenkirchen - Der Weltcup-Super-G der Männer in Garmisch-Partenkirchen ist wegen schlechter Sicht abgesagt worden. Nebel und Regen,Alpina skiing: Pauper visibilitas: Super-G in Garmisch cassatur. Garmisch-Partenkirchen - Hominum Trophaeum Super-G in Garmisch-Partenkirchen ob visibilitatem pauperum remissum est. Nebula et pluvia
22822a33d72a7251f9cd6637a3c191ab,2026-03-01T11:50:21Z,Fog,Hazard,sport.orf.at,de,0.8,Herren-Super-G in Garmisch abgesagt,Der für Sonntag geplante Herren-Super-G in Garmisch-Partenkirchen ist nach mehrfacher Verschiebung abgesagt worden. Nebel und demnach zu schlechte Sicht auf der Kandahar-Strecke zwangen die Rennleitung nach Zuwarten um 12.15 Uhr aus Sicherheitsgründen zu dies…,https://sport.orf.at/stories/3153069/,https://ibs.orf.at/sport?image=https%3A%2F%2Fassets.orf.at%2Fmims%2F2026%2F10%2F65%2Fcrops%2Fw%3D1200%2Ch%3D630%2Cq%3D75%2F2953232_master_1141765_ski_alpin_herren_garmisch_super_g_absage_g.jpg%3Fs%3Df5623d4be532397d8c9f3b43afb7f00ead1b77c3,,Der Garmisch-Super-G soll in knapp zwei Wochen in Courchevel nachgeholt werden. Die Abfahrt am Samstag hatte der Schweizer Marco Odermatt vor seinen Landsleuten Alexis Monney und Stefan Rogentin sowi… [+812 chars],Men's Super-G in Garmisch canceled. The men's Super-G in Garmisch-Partenkirchen planned for Sunday has been canceled after being postponed several times. Fog and therefore poor visibility on the Kandahar route forced the race management to do this after waiting at 12.15 p.m. for safety reasons...,Herren-Super-G in Garmisch abgesagt. Der für Sonntag geplante Herren-Super-G in Garmisch-Partenkirchen ist nach mehrfacher Verschiebung abgesagt worden. Nebel und demnach zu schlechte Sicht auf der Kandahar-Strecke zwangen die Rennleitung nach Zuwarten um 12.15 Uhr aus Sicherheitsgründen zu dies…,"Hominum Super-G in Garmisch instat. Super-G hominum in Garmisch-Partenkirchen pro die dominico cogitavit postquam pluries differtur. Nebula et ideo pauper visibilitas in itinere Kandahar compulit administrationem stadii hoc facere, expectato tempore 12.15 a.m. causa salutis ..."
ad71a2a34f8cce806bc034db434a1205,2026-03-01T12:03:00Z,Fog,Impacts,sports.yahoo.com,en,0.3,Fog forces cancelation of men's World Cup super-G in Germany. Race will be rescheduled in France,"GARMISCH-PARTENKIRCHEN, Germany (AP) — Persistent fog Sunday forced the cancelation of the first men’s World Cup super-G since the Milan Cortina Olympics. Organizers lowered the start gate and delayed the race several times but ultimately called it off ""due t…",https://sports.yahoo.com/articles/fog-forces-cancelation-mens-world-120300237.html,https://s.yimg.com/ny/api/res/1.2/ySoXmKK9Hg96MAhML9nOAA--/YXBwaWQ9aGlnaGxhbmRlcjt3PTEyMDA7aD04MDA7Y2Y9d2VicA--/https://media.zenfs.com/en/ap.org/bef8b63e4bf5208d0d2343f5f3c99e2e,,"GARMISCH-PARTENKIRCHEN, Germany (AP) Persistent fog Sunday forced the cancelation of the first mens World Cup super-G since the Milan Cortina Olympics.
Low clouds in the upper part of the Kandahar c… [+854 chars]","Fog forces cancelation of men's World Cup super-G in Germany. Race will be rescheduled in France. GARMISCH-PARTENKIRCHEN, Germany (AP) — Persistent fog Sunday forced the cancelation of the first men’s World Cup super-G since the Milan Cortina Olympics. Organizers lowered the start gate and delayed the race several times but ultimately called it off ""due t…","Nebel erzwingt Absage des Super-G-Weltcups der Herren in Deutschland. Das Rennen wird in Frankreich verschoben. GARMISCH-PARTENKIRCHEN, Deutschland (AP) – Anhaltender Nebel am Sonntag erzwang die Absage des ersten Herren-Weltcup-Super-G seit den Olympischen Spielen in Mailand in Cortina. Die Organisatoren senkten das Starttor und verzögerten das Rennen mehrmals, sagten es aber letztendlich „wegen …“ ab.","Nebulae indultum Copiae Mundi hominum super-G in Germania. Genus reschedul in Gallia erit. GARMISCH-PARTENKIRCHEN, Germania (AP) — Solis nebula perdurans primorum hominum World Cup super-G abolitionem coegit cum Olympia Cortina Mediolanii. Organici portam initium demiserunt et stadium pluries moraverunt, sed finaliter eam "" due t ... appellaverunt."
18ee20ef0575144239eeef06d74481ae,2026-03-01T12:43:00Z,Snow Avalanche,Hazard,www.zeit.de,de,0.9,Berchtesgadener Alpen: Schneeschuhwanderer lösen Lawine aus und werden verschüttet,Hier finden Sie Informationen zu dem Thema „Berchtesgadener Alpen“. Lesen Sie jetzt „Schneeschuhwanderer lösen Lawine aus und werden verschüttet“.,https://www.zeit.de/news/2026-03/01/schneeschuhwanderer-loesen-lawine-aus-und-werden-verschuettet,https://img.zeit.de/news/2026-03/01/schneeschuhwanderer-loesen-lawine-aus-und-werden-verschuettet-image-group/wide__1300x731,http://web.archive.org/web/20260301130419/https://www.zeit.de/news/2026-03/01/schneeschuhwanderer-loesen-lawine-aus-und-werden-verschuettet,Schneeschuhwanderer haben in den Berchtesgadener Alpen eine Lawine ausgelöst und sind davon mitgerissen worden. Laut Polizei wurde nur einer von ihnen leicht verletzt. Die Gruppe sei ohne alpine Erfa… [+1197 chars],Berchtesgaden Alps: Snowshoe hikers trigger an avalanche and are buried. Here you will find information on the topic “Berchtesgaden Alps”. Now read “Snowshoers trigger an avalanche and are buried”.,Berchtesgadener Alpen: Schneeschuhwanderer lösen Lawine aus und werden verschüttet. Hier finden Sie Informationen zu dem Thema „Berchtesgadener Alpen“. Lesen Sie jetzt „Schneeschuhwanderer lösen Lawine aus und werden verschüttet“.,"Alpes Berchtesgaden: Snowshoe hikers felis avalanche et asservatur. Hic informationes invenies in themate ""Berchtesgaden Alpes"". Nunc lege ""Nives NIVIS CAELI ac sepeliuntur""."
7a265089a273ef9fb842f536a9fbd384,2026-03-01T12:43:00Z,Snow Avalanche,Hazard,www.stern.de,de,0.9,Berchtesgadener Alpen: Schneeschuhwanderer lösen Lawine aus und werden verschüttet,"Ohne alpine Erfahrung und Schutzausrüstung unterwegs: Eine Gruppe Schneeschuhwanderer löst eine Lawine aus und wird mitgerissen. Die Polizei spricht von ""Glück"" für die Beteiligten.",https://www.stern.de/gesellschaft/regional/bayern/berchtesgadener-alpen--schneeschuhwanderer-loesen-lawine-aus-und-werden-verschuettet-37181152.html,https://image.stern.de/37181154/t/ae/v1/w1440/r1.7778/-/01--rgm6ovrqulv15axs2048jpeg---8d08b3b8f3972c6e.jpg,,"Kopiere den aktuellen Link
Zur Merkliste hinzufügen
Ohne alpine Erfahrung und Schutzausrüstung unterwegs: Eine Gruppe Schneeschuhwanderer löst eine Lawine aus und wird mitgerissen. Die Polizei spri… [+1394 chars]",Berchtesgaden Alps: Snowshoe hikers trigger an avalanche and are buried. On the move without alpine experience or protective equipment: a group of snowshoe hikers trigger an avalanche and are swept away. The police speak of “luck” for those involved.,"Berchtesgadener Alpen: Schneeschuhwanderer lösen Lawine aus und werden verschüttet. Ohne alpine Erfahrung und Schutzausrüstung unterwegs: Eine Gruppe Schneeschuhwanderer löst eine Lawine aus und wird mitgerissen. Die Polizei spricht von ""Glück"" für die Beteiligten.","Alpes Berchtesgaden: Snowshoe hikers felis avalanche et asservatur. In motu sine experientia alpina vel armorum tutela: globus nivis hikers felis NIVIS et rapitur. Magistratus loquuntur de ""fortuna"" pro illis qui intersunt."
5161b9389c38715553ad4d171725d689,2026-03-01T13:43:00Z,Volcano,Hazard,taz.de,de,0.9,Klage gegen DW erfolgreich: Versichert gegen Vulkanausbruch,Zwei Mie­te­r:in­nen erhalten von der Deutsche Wohnen Geld zurück. Diese hatte für die Wohnungen eine überteuerte Versicherung abgeschlossen.,https://taz.de/Klage-gegen-DW-erfolgreich/!6157308/,https://taz.de/picture/8271507/1200/548900696.jpeg,,Zwei Mie­te­r:in­nen erhalten von der Deutsche Wohnen Geld zurück. Diese hatte für die Wohnungen eine überteuerte Versicherung abgeschlossen. mehr...,Lawsuit against DW successful: insured against volcanic eruption. Two tenants receive money back from Deutsche Wohnen. They had taken out overpriced insurance for the apartments.,Klage gegen DW erfolgreich: Versichert gegen Vulkanausbruch. Zwei Mie­te­r:in­nen erhalten von der Deutsche Wohnen Geld zurück. Diese hatte für die Wohnungen eine überteuerte Versicherung abgeschlossen.,Causa contra DW prospere: securus contra eruptionem molaris. Receperunt duo coloni ab Archiv Wohnen. Sumpserant overpriced assecurationis ad conclavia.
bc7c7a9724bd514cb62cfa88af2b0db8,2026-03-01T14:34:49Z,Fog,Impacts,www.cbc.ca,en,0.3,Fog forces cancellation of Sunday's men's World Cup super-G in Germany,Persistent fog Sunday forced the cancellation of the first men's World Cup super-G since the Milano-Cortina Olympics.,https://www.cbc.ca/sports/olympics/winter/alpine-skiing/fog-super-g-world-cup-cancelled-germany-9.7110328,"https://i.cbc.ca/ais/69e37702-1238-4dc0-af25-cfac443e5c5e,1772375190421/full/max/0/default.jpg?im=Crop%2Crect%3D%2820%2C0%2C1139%2C640%29%3BResize%3D620",,"Persistent fog Sunday forced the cancellation of the first men's World Cup super-G since the Milano-Cortina Olympics. 
Low clouds in the upper part of the Kandahar course reduced visibility and made… [+1010 chars]",Fog forces cancellation of Sunday's men's World Cup super-G in Germany. Persistent fog Sunday forced the cancellation of the first men's World Cup super-G since the Milano-Cortina Olympics.,Nebel erzwingt die Absage des Super-G-Weltcups der Männer am Sonntag in Deutschland. Anhaltender Nebel am Sonntag erzwang die Absage des ersten Herren-Weltcup-Super-G seit den Olympischen Spielen in Mailand-Cortina.,Caligo copias indultum Dominici Trophaei Mundi super-G hominum in Germania. Nebula pertinax Solis coegit indultum primorum hominum Mundi super-G cum Olympia Milano-Cortina.
a31237b7d0c6ef97e9e88e98759e0475,2026-03-01T15:34:46Z,Cold Wave,Impacts,noe.orf.at,de,0.9,Natur erwacht im Nationalpark Donauauen,Rechtzeitig zum meteorolgischen Frühlingsbeginn am 1. März zeigen sich im Nationalpark Donauauen für aufmerksame Beobachter bereits zahlreiche Frühlingsboten.  Schneeglöckchen trotzen dem Frost und Sumpfschildkröten erwachen ebenso wie die Insekten.,https://noe.orf.at/stories/3343962/,https://ibs.orf.at/noe?image=https%3A%2F%2Foekastatic.orf.at%2Fmims%2F2026%2F10%2F99%2Fcrops%2Fw%3D1200%2Ch%3D627%2Cq%3D75%2F2953570_master_1141899_260301_fruehlingsbeginn_00_00_37_16.jpg%3Fs%3D1793b806721bf0cdc01b1e2cd9a2b6d9777b3ce5,http://web.archive.org/web/20260302203341/https://noe.orf.at/stories/3343962/,"Frühlingsbeginn
Der kalendarische Frühlingsbeginn ist am 21. März, für Metereologen startet der Frühling aber schon drei Wochen früher und dauert den gesamten März, April und Mai
Die Auböden sind b… [+2504 chars]","Nature awakens in the Donauauen National Park. Just in time for the meteorological start of spring on March 1st, there are already numerous signs of spring in the Donauauen National Park for attentive observers.  Snowdrops are defying the frost and terrapins are waking up, as are the insects.",Natur erwacht im Nationalpark Donauauen. Rechtzeitig zum meteorolgischen Frühlingsbeginn am 1. März zeigen sich im Nationalpark Donauauen für aufmerksame Beobachter bereits zahlreiche Frühlingsboten.  Schneeglöckchen trotzen dem Frost und Sumpfschildkröten erwachen ebenso wie die Insekten.,"Natura in National Park Donauauen excitat. Nuper tempore meteorologico in principio veris die 1 Martii exstant iam multa signa veris in National Park Donauauen observantibus attentis.  Nix stillae gelu ac terrapins excitant, ut sunt insecta."
f6ad19251bb9720fe5288eed9dc359a9,2026-03-01T18:23:48Z,Snow&Ice,Mitigation,consent.yahoo.com,en,0.7,"Dodgers on Deck: Monday, March 2 at Rockies","The Dodgers hit the road on Monday afternoon to face the Colorado Rockies at Salt River Fields in Scottsdale. This is the first of two meetings between these two National League West foes this spring and this week, with another battle coming Saturday at Camel…",https://consent.yahoo.com/v2/collectConsent?sessionId=1_cc-session_240e9d4f-3287-48ff-847a-a53cd734a774,,,"If you click 'Accept all', we and our partners, including 246 who are part of the IAB Transparency &amp; Consent Framework, will also store and / or access information on a device (in other words, us… [+1046 chars]","Dodgers on Deck: Monday, March 2 at Rockies. The Dodgers hit the road on Monday afternoon to face the Colorado Rockies at Salt River Fields in Scottsdale. This is the first of two meetings between these two National League West foes this spring and this week, with another battle coming Saturday at Camel…","Dodgers an Deck: Montag, 2. März in den Rockies. Die Dodgers machten sich am Montagnachmittag auf den Weg, um in den Salt River Fields in Scottsdale gegen die Colorado Rockies anzutreten. Dies ist das erste von zwei Treffen zwischen diesen beiden Gegnern der National League West in diesem Frühjahr und dieser Woche, ein weiteres Duell findet am Samstag im Camel statt …","Dodgers in Deck: Lunae, Martii 2 apud Silicis. Dodgers carpunt viam die Lunae post meridiem ad faciem Colorado Silicis apud Campos Fluminis in Scottsdale. Hic est primus duorum congressus inter hos duos hostes occidentales Nationalis League hoc vere et hac septimana, cum alia pugna Saturni veniens in Camel..."
06f4986c53a7f145f9945a81a368a217,2026-03-01T19:17:19Z,Snow&Ice,Hazard,www.denverpost.com,en,0.9,"Denver records one of the driest, warmest Februarys on record","With only traces of snow falling in Denver in February, the city officially tied its record for the least-snowy February since 1882, according to the National Weather Service.",https://www.denverpost.com/2026/03/01/denver-weather-forecast-snow-heat/,https://www.denverpost.com/wp-content/uploads/2025/05/TDP-L-denverskyline050225-cha-128.jpg?w=1024&h=683,http://web.archive.org/web/20260301195200/https://www.denverpost.com/2026/03/01/denver-weather-forecast-snow-heat/,"Denver is on track to see the city’s driest winters on record after only traces of snow fell in February, according to the National Weather Service.
Roughly 13.4 inches of snow fell in the Denver ar… [+1955 chars]","Denver records one of the driest, warmest Februarys on record. With only traces of snow falling in Denver in February, the city officially tied its record for the least-snowy February since 1882, according to the National Weather Service.","Denver verzeichnet einen der trockensten und wärmsten Februar seit Beginn der Aufzeichnungen. Da im Februar in Denver nur Spuren von Schnee fielen, stellte die Stadt nach Angaben des National Weather Service offiziell ihren Rekord für den schneeärmsten Februar seit 1882 ein.","Denver unum ex aridissimis Februariis calidissimis memoriae proditum est. Cum sola vestigia nivis in Denver mense Februario cadentis, urbs publice tabulam suam nivalem Februario ab anno 1882 minimum ligavit, secundum servitii Tempestatis Nationalis."
c0a6ac88e83c82ce139e3ad8b88fca20,2026-03-01T19:30:00Z,Earthquake,Hazard,www.orartswatch.org,en,0.7,"The Debate Over What To Do With Portland’s Earthquake-Unsafe 3,000-Seat Theatre","Protesters have begun telling the city council exactly what they think of the idea to abandon the big theatre. “If you don’t renovate the Keller, it has no other use. … The only other choice is demolition, which would leave a hole in the heart of downtown.” –…",https://www.orartswatch.org/debate-on-future-of-keller-auditorium-heats-up/,https://www.orartswatch.org/wp-content/uploads/2026/02/Screen-Shot-2026-02-25-at-2.55.11-PM.jpg,,"On a chilly Feb. 25 morning, dozens of supporters of the stately but aging performing arts center gathered across the street in front of the iconic Keller Fountain to oppose the so-called two venue p… [+11247 chars]","The Debate Over What To Do With Portland’s Earthquake-Unsafe 3,000-Seat Theatre. Protesters have begun telling the city council exactly what they think of the idea to abandon the big theatre. “If you don’t renovate the Keller, it has no other use. … The only other choice is demolition, which would leave a hole in the heart of downtown.” –…","Die Debatte darüber, was mit dem erdbebengefährdeten Theater mit 3.000 Sitzplätzen in Portland geschehen soll. Die Demonstranten haben begonnen, dem Stadtrat genau zu sagen, was sie von der Idee halten, das große Theater aufzugeben. „Wenn Sie den Keller nicht renovieren, hat er keinen anderen Nutzen. … Die einzige andere Wahl ist der Abriss, der ein Loch im Herzen der Innenstadt hinterlassen würde.“ –…","The Debate Over What Facere Cum Portland's Terrae motus-Unsafe 3,000-Sede Theatrum. Reclamatores inceperunt narrare consilium urbanum prorsus quid cogitare de idea magnum theatrum deserendi. ""Si Cellarius non renovas, alium usum non habet. ... Sola alia electio est demolitio, quae foramen in media urbe relinquet."" -…"
86b2ed4a3e951a61455d6750284ce97f,2026-03-01T19:45:05Z,Fog,Mitigation,bringatrailer.com,en,0.8,1979 Mercedes-Benz 450SL,"This 1979 Mercedes-Benz 450SL is powered by a 4.5-liter V8 paired with a three-speed automatic transmission and is finished in Light Ivory over brown MB-Tex upholstery. Features include a brown soft top, a removable hardtop, 14"" Bundt alloy wheels, fog lights…",https://bringatrailer.com/listing/1980-mercedes-benz-450sl-155/,https://bringatrailer.com/wp-content/uploads/2026/02/1980_mercedes-benz_450sl_img_9501-43454.jpeg,,This 1979 Mercedes-Benz 450SL is powered by a 4.5-liter V8 paired with a three-speed automatic transmission and is finished in Light Ivory over brown MB-Tex upholstery. Features include a brown soft … [+1388 chars],"1979 Mercedes-Benz 450SL. This 1979 Mercedes-Benz 450SL is powered by a 4.5-liter V8 paired with a three-speed automatic transmission and is finished in Light Ivory over brown MB-Tex upholstery. Features include a brown soft top, a removable hardtop, 14"" Bundt alloy wheels, fog lights…","1979 Mercedes-Benz 450SL. Dieser Mercedes-Benz 450SL aus dem Jahr 1979 wird von einem 4,5-Liter-V8-Motor mit Dreigang-Automatikgetriebe angetrieben und ist in hellem Elfenbein mit brauner MB-Tex-Polsterung lackiert. Zur Ausstattung gehören ein braunes Verdeck, ein abnehmbares Hardtop, 14-Zoll-Leichtmetallfelgen von Bundt, Nebelscheinwerfer usw.","1979 Mercedes-Benz 450SL. Hoc 1979 Mercedes-Benz 450SL potens est per 4.5-sextarius V8 cum autocineto latis transmissionis paribus et in luce Eburnea per brunnea MB-Tex upholstery finitur. Features includunt cacumen brunneum, hardtop amovibile, 14 ""Bundt mixturae rotae, lumina nebula…"
aa32dc42580771bf25f418832509486c,2026-03-02T00:00:00Z,Heat Wave,Impacts,www.nature.com,en,0.3,Extreme longitudinal thermal conductivity and non-diffusive heat transport in isotopic hBN,Extreme thermal transport in 2D materials challenges classical models. Here the authors combine microheater-based thermal control and Raman thermometry to reveal high in-plane thermal conductivity and non-diffusive phonon transport in suspended monoisotopic h…,https://www.nature.com/articles/s41467-026-69907-x,,,"<li>Qian, X., Zhou, J. &amp; Chen, G. Phonon-engineered extreme thermal conductivity materials. Nat. Mater.20, 11881202 (2021).
Google Scholar 
</li><li>Rahimi, M. et al. Complete determination of … [+8818 chars]",Extreme longitudinal thermal conductivity and non-diffusive heat transport in isotopic hBN. Extreme thermal transport in 2D materials challenges classical models. Here the authors combine microheater-based thermal control and Raman thermometry to reveal high in-plane thermal conductivity and non-diffusive phonon transport in suspended monoisotopic h…,"Extreme longitudinale Wärmeleitfähigkeit und nicht-diffusiver Wärmetransport in isotopischem hBN. Extremer Wärmetransport in 2D-Materialien stellt klassische Modelle in Frage. Hier kombinieren die Autoren mikroheizerbasierte Wärmekontrolle und Raman-Thermometrie, um eine hohe Wärmeleitfähigkeit in der Ebene und einen nicht-diffusiven Phononentransport in suspendiertem monoisotopischem Wasser aufzudecken.",Sceleris conductivitatis longitudinalis extrema et caloris non diffusivi onerariis in isotopicibus hBN. Scelerisque onerariis extremae in 2D materiis exempla classica provocat. Auctores hic iungunt microheater substructio scelerisque potestatem et Thermometriam Raman ut altam in plano scelerisque conductivity et phonon non-diffusivum transportum in suspensum monoisotopicum h…
2d5c6a1329bca6215bf59be171f9bd18,2026-03-02T01:10:12Z,Snow&Ice,Hazard,www.cbc.ca,en,0.9,Snowmobiler dies in Kootenay Pass avalanche as forecasters warn of high risks in B.C.’s backcountry,"A snowmobiler has died in B.C.’s Interior after an avalanche in the Kootenay Pass area on Saturday, as forecasters warn hazardous conditions persist across the province.",https://www.cbc.ca/news/canada/british-columbia/fatal-avalanche-at-kootenay-pass-bc-9.7110689,"https://i.cbc.ca/ais/1.6273967,1699847723000/full/max/0/default.jpg?im=Crop%2Crect%3D%280%2C0%2C1919%2C1079%29%3BResize%3D620",http://web.archive.org/web/20260302020808/https://www.cbc.ca/news/canada/british-columbia/fatal-avalanche-at-kootenay-pass-bc-9.7110689,"A snowmobiler has died in B.C.s Interior after an avalanche in the Kootenay Pass area on Saturday, as forecasters warn hazardous conditions persist across the province.
Avalanche Canada said two sno… [+3792 chars]","Snowmobiler dies in Kootenay Pass avalanche as forecasters warn of high risks in B.C.’s backcountry. A snowmobiler has died in B.C.’s Interior after an avalanche in the Kootenay Pass area on Saturday, as forecasters warn hazardous conditions persist across the province.","Schneemobilfahrer kommt bei Lawine am Kootenay Pass ums Leben, während Meteorologen vor hohen Risiken im Hinterland von B.C. warnen. Ein Schneemobilfahrer ist im Landesinneren von B.C. nach einer Lawine im Gebiet des Kootenay-Passes am Samstag ums Leben gekommen, während Meteorologen warnen, dass in der gesamten Provinz weiterhin gefährliche Bedingungen herrschen.","Snowmobiler moritur in Kootenay NIVIS Transi ut forecasters monent periculorum magnorum in B.C. in patria. A snowmobiler in B.C. Interiore mortuus est post montem cadentem in area Kootenay die Sabbati, ut forecasters monent condiciones ancipites per provinciam perstare."
94e5765bdad13706687aa5e48e9ec4e2,2026-03-02T02:27:34Z,Flood,Impacts,www.breitbart.com,en,0.9,"Exclusive— Dr. Jeff Gunter: Democrat Susie Lee 'Aided, Abetted' Biden's Flood of Millions of Illegal Aliens Across Border","Dr. Jeff Gunter, President Donald Trump's ambassador to Iceland under his first term, on Breitbart News Saturday, said that Rep. Susie Lee (D-NV) ""aided and abetted"" President Joe Biden's flooding of up to 20 million illegal aliens across the southern border.…",https://www.breitbart.com/politics/2026/03/01/exclusive-dr-jeff-gunter-democrat-susie-lee-aided-abetted-biden-flood-millions-illegal-aliens/,https://media.breitbart.com/media/2026/03/Dr-Jeff-Gunter-Nevada-fileMay2024-getty-640x335.jpg,http://web.archive.org/web/20260302152305/https://www.breitbart.com/politics/2026/03/01/exclusive-dr-jeff-gunter-democrat-susie-lee-aided-abetted-biden-flood-millions-illegal-aliens/,"Dr. Jeff Gunter, President Donald Trump’s ambassador to Iceland under his first term, on Breitbart News Saturday, said that Rep. Susie Lee (D-NV) “aided and abetted” President Joe Biden’s flooding of… [+3186 chars]","Exclusive— Dr. Jeff Gunter: Democrat Susie Lee 'Aided, Abetted' Biden's Flood of Millions of Illegal Aliens Across Border. Dr. Jeff Gunter, President Donald Trump's ambassador to Iceland under his first term, on Breitbart News Saturday, said that Rep. Susie Lee (D-NV) ""aided and abetted"" President Joe Biden's flooding of up to 20 million illegal aliens across the southern border.…","Exklusiv – Dr. Jeff Gunter: Die Demokratin Susie Lee hat Bidens Flut von Millionen illegaler Ausländer über die Grenze „unterstützt und begünstigt“. Dr. Jeff Gunter, der Botschafter von Präsident Donald Trump in Island während seiner ersten Amtszeit, sagte am Samstag auf Breitbart News, dass die Abgeordnete Susie Lee (D-NV) Präsident Joe Bidens Überschwemmung von bis zu 20 Millionen illegalen Einwanderern über die Südgrenze „unterstützt und begünstigt“ habe.…","Exclusive— Dr. Jeff Gunter: Democratica Susie Lee Aided, Abetted' Biden Diluvium Millions Illegal Alieni Trans Border. Dr. Jeff Gunter, praeses Donald Trump legatum ad Islandiam sub primo suo termino, in Breitbart Nuntii Saturni, dixit Rep. Susie Lee (D-NV) ""adiuvit et adiuvit"" Praeses Joe Biden inundationem usque ad XX decies centena milia extraneorum contra fines meridionales illegales..."
677e16b2c7f4f0ac323b500130ff6d70,2026-03-02T03:01:12Z,Cold Wave,Impacts,www.welt.de,de,0.9,„Können jetzt gar nicht anders“ – Bahnchefin verteidigt Streckensanierungen,Die umfassende Sanierung wichtiger Gleisstrecken stockt gerade zwischen Hamburg und Berlin. Grund ist laut Bahn die lange Frostperiode. Am Konzept will die Konzernchefin deshalb aber nicht rütteln.,https://www.welt.de/politik/article69a4fb017c787f6a1cef382a/mehrmonatige-vollsperrungen-koennen-jetzt-gar-nicht-anders-bahnchefin-verteidigt-streckensanierungen.html,https://images.welt.de/69a4fb017c787f6a1cef382a/abd29279e40868af9ddf3faedf9d3935-master/ci16x9-w1200/dpa-com-20090101-251211-935-1013136-jpg,,Die umfassende Sanierung wichtiger Gleisstrecken stockt gerade zwischen Hamburg und Berlin. Grund ist laut Bahn die lange Frostperiode. Am Konzept will die Konzernchefin deshalb aber nicht rütteln.Ba… [+2330 chars],"“We can’t do anything else now” – railway boss defends route renovations. The comprehensive renovation of important railway lines is currently stalling between Hamburg and Berlin. According to Bahn, the reason is the long frost period. However, the CEO does not want to shake the concept.",„Können jetzt gar nicht anders“ – Bahnchefin verteidigt Streckensanierungen. Die umfassende Sanierung wichtiger Gleisstrecken stockt gerade zwischen Hamburg und Berlin. Grund ist laut Bahn die lange Frostperiode. Am Konzept will die Konzernchefin deshalb aber nicht rütteln.,"""Nunc aliud facere non possumus"" - bulla ferriviaria renovationes meatus defendit. Renovatio comprehensiva magnarum linearum ferriviarum nunc inter Hamburgum et Berolinum redimitur. Secundum Bahn, tempus pruina ratio est. Sed in CEO conceptum concutere non vult."
118f62c9587184915ff639cfc8450a89,2026-03-02T03:13:51Z,Heat Wave,Mitigation,www.tagesschau.de,de,0.9,Ein Jahr Sondervermögen: Kommt jetzt der Frühling der rollenden Bagger?,Mehr Schulden für Infrastruktur und Klimaschutz: Vor knapp einem Jahr änderten Union und SPD zusammen mit den Grünen das Grundgesetz und beschlossen ein 500-Milliarden-Schulden-Paket. Warum ist davon bislang so wenig zu spüren? Von L. Kaufmann und N. Kohnert.,https://www.tagesschau.de/inland/innenpolitik/sondervermoegen-schuldenpaket-investitionen-infrastruktur-100.html,https://images.tagesschau.de/image/14d38c30-85c4-4bc1-86d6-1ecab71d2fe1/AAABlXCTTDQ/AAABmyZE0EA/16x9-big/bundestag-baustelle-104.jpg?width=1280,http://web.archive.org/web/20260302081853/https://www.tagesschau.de/inland/innenpolitik/sondervermoegen-schuldenpaket-investitionen-infrastruktur-100.html,"Ein Baufahrzeug rumpelt an diesem sonnigen Nachmittag vor dem Deutschen Bundestag. Ist er das, der Frühling der rollenden Bagger? Zumindest war es das Versprechen von Schwarz-Rot im vergangenen Jahr.… [+4676 chars]","One year of special assets: Is the spring of rolling excavators now coming? More debt for infrastructure and climate protection: Almost a year ago, the Union and the SPD, together with the Greens, changed the Basic Law and decided on a 500 billion debt package. Why is there so little evidence of this so far? By L. Kaufmann and N. Kohnert.",Ein Jahr Sondervermögen: Kommt jetzt der Frühling der rollenden Bagger?. Mehr Schulden für Infrastruktur und Klimaschutz: Vor knapp einem Jahr änderten Union und SPD zusammen mit den Grünen das Grundgesetz und beschlossen ein 500-Milliarden-Schulden-Paket. Warum ist davon bislang so wenig zu spüren? Von L. Kaufmann und N. Kohnert.,"Unus annus specialium bonorum: Estne fons volvendi excavatores nunc venientes? Plus debitum pro infrastructura et praesidio climatis: Unio et SPD una cum anno prope, una cum Greens, Legem fundamentalem mutaverunt et in sarcina debitorum 500 miliarda constituerunt. Cur tam parum huius rei testimonium est? By L. Kaufmann and N. Kohnert."
e4c4ff83f3cbe433f0eeea03402a5a29,2026-03-02T05:00:00Z,Earthquake,Hazard,www.thestar.com.my,en,0.9,Japan’s Volcano Islands hit by 6.0-magnitude quake,"HONG KONG: An earthquake with a magnitude of 6.0 jolted the Volcano Islands, Japan region at 0355 GMT on Monday (March 2), the German Research Centre for Geosciences said, reported Xinhua. Read full story",https://www.thestar.com.my/news/nation/2026/03/02/japans-volcano-islands-hit-by-60-magnitude-quake,https://apicms.thestar.com.my/uploads/images/2026/03/02/3793761.jpg,http://web.archive.org/web/20260302053322/https://www.thestar.com.my/news/nation/2026/03/02/japans-volcano-islands-hit-by-60-magnitude-quake,"HONG KONG: An earthquake with a magnitude of 6.0 jolted the Volcano Islands, Japan region at 0355 GMT on Monday (March 2), the German Research Centre for Geosciences said, reported Xinhua.
The epice… [+154 chars]","Japan’s Volcano Islands hit by 6.0-magnitude quake. HONG KONG: An earthquake with a magnitude of 6.0 jolted the Volcano Islands, Japan region at 0355 GMT on Monday (March 2), the German Research Centre for Geosciences said, reported Xinhua. Read full story","Japans Vulkaninseln wurden von einem Beben der Stärke 6,0 heimgesucht. HONGKONG: Ein Erdbeben der Stärke 6,0 erschütterte am Montag (2. März) um 03:55 Uhr GMT die Region Vulkaninseln in Japan, teilte das Deutsche GeoForschungszentrum mit, berichtete Xinhua. Lesen Sie die ganze Geschichte","Volcano insulae Iaponiae ictus 6.0-magnitudine commoti sunt. HONG KONG: Motus cum magnitudine 6.0 Insulis Volcano iactatus, regionis Iaponiae 0355 GMT die Lunae (II Martii), Germanica Research Centrum pro Geoscientiis dixit Xinhua nuntiavit. Read full story"
4619f15f4d8e563ed7fbc9194ef0dc08,2026-03-02T07:06:47Z,Earthquake,Hazard,dailycaller.com,en,0.9,Rural Nevada Shook By Magnitude 4.3 Earthquake,"According to the United States Geological Survey (USGS), locals in Nye County, Nevada were shook Sunday morning by a magnitude 4.3 earthquake.",https://dailycaller.com/2026/03/02/rural-nevada-magnitude-4-3-earthquake/,"https://images.dailycaller.com/image/width=1280,height=549,fit=cover,format=webp,f=auto/https://cdn01.dailycaller.com/wp-content/uploads/2026/03/GettyImages-1235683149-scaled-e1772434745292.jpg",http://web.archive.org/web/20260303003836/https://dailycaller.com/2026/03/02/rural-nevada-magnitude-4-3-earthquake/,"According to the United States Geological Survey (USGS), locals in Nye County, Nevada were shook Sunday morning by a magnitude 4.3 earthquake.
Occurring in rural areas of Nevada, communities near To… [+1583 chars]","Rural Nevada Shook By Magnitude 4.3 Earthquake. According to the United States Geological Survey (USGS), locals in Nye County, Nevada were shook Sunday morning by a magnitude 4.3 earthquake.","Das ländliche Nevada wurde von einem Erdbeben der Stärke 4,3 erschüttert. Nach Angaben des United States Geological Survey (USGS) wurden die Einheimischen im Nye County, Nevada, am Sonntagmorgen von einem Erdbeben der Stärke 4,3 erschüttert.","Rusticus Nevada Shook By Magnitude 4.3 Earthquake. Secundum Civitates Americae Unitas Geological Survey (USGS), incolae in Comitatu Nye, Nevada mane die 4.3 terrae motu magnitudine commoti sunt."
1e8d5d02312fe688685a16da61d83f5e,2026-03-02T08:07:53Z,Snow&Ice,Hazard,orf.at,de,0.9,Ein Blick hinter die Kulissen,"Am Sonntag hat – meteorologisch betrachtet – der Frühling begonnen. Die letzten Wochen hatten wettermäßig einiges zu bieten: Glatteis, viel Neuschnee und zuletzt hohe Lawinengefahr auf den Bergen und Tauwetter in tiefen Lagen. Dementsprechend groß war und ist…",https://orf.at/stories/3421297/,https://ibs.orf.at/news?image=https%3A%2F%2Fassets.orf.at%2Fmims%2F2026%2F09%2F55%2Fcrops%2Fw%3D1200%2Ch%3D630%2Cq%3D75%2F2949540_master_1140255_wetterprognose_21.jpg%3Fs%3D29bda7db938c08830e3b008398f2aec84bc91cf6,http://web.archive.org/web/20260302084833/https://orf.at/stories/3421297/,"Die moderne Wettervorhersage folgt einer einfachen Grundidee: Man misst das aktuelle Wetter, wendet physikalische Gleichungen an und errechnet so das Wetter der Zukunft. Dabei gilt: Je exakter das ak… [+3276 chars]","A look behind the scenes. From a meteorological point of view, spring began on Sunday. The last few weeks have had a lot to offer in terms of weather: black ice, lots of fresh snow and recently a high risk of avalanches in the mountains and thaw in low altitudes. Accordingly, it was and is...","Ein Blick hinter die Kulissen. Am Sonntag hat – meteorologisch betrachtet – der Frühling begonnen. Die letzten Wochen hatten wettermäßig einiges zu bieten: Glatteis, viel Neuschnee und zuletzt hohe Lawinengefahr auf den Bergen und Tauwetter in tiefen Lagen. Dementsprechend groß war und ist…","Vide post siparium r. Ex consideratione meteorologico, fons die Dominico incepit. Ultimae paucae septimanae multam habuerunt condicionem tempestatis offerre: glaciem nigram, multae nives recentes et nuper magnum periculum avalanches in montibus et altitu- dinem in humilibus tabem. Sic fuit et est."
f600df6db3a623a5c4eb9bd6fd760bce,2026-03-02T09:02:19Z,Earthquake,Impacts,www.ibtimes.com.au,en,0.9,San Ramon Earthquake: Magnitude 3.4 Earthquake Rattles San Ramon Area Late Sunday Night,"A preliminary magnitude 3.4 earthquake struck near San Ramon in the East Bay late Sunday night, shaking homes and waking residents across parts of the San Francisco Bay Area, but authorities reported no immediate damage or injuries from the minor temblor.",https://www.ibtimes.com.au/san-ramon-earthquake-magnitude-34-earthquake-rattles-san-ramon-area-late-sunday-night-1862437,https://d.ibtimes.com.au/en/full/1891861/san-ramon-earthquake-magnitude-34-earthquake-rattles-san-ramon-area.jpg,,"A preliminary magnitude 3.4 earthquake struck near San Ramon in the East Bay late Sunday night, shaking homes and waking residents across parts of the San Francisco Bay Area, but authorities reported… [+4979 chars]","San Ramon Earthquake: Magnitude 3.4 Earthquake Rattles San Ramon Area Late Sunday Night. A preliminary magnitude 3.4 earthquake struck near San Ramon in the East Bay late Sunday night, shaking homes and waking residents across parts of the San Francisco Bay Area, but authorities reported no immediate damage or injuries from the minor temblor.","Erdbeben in San Ramon: Stärke 3,4 Erdbeben erschüttert die Gegend von San Ramon am späten Sonntagabend. Ein vorläufiges Erdbeben der Stärke 3,4 ereignete sich am späten Sonntagabend in der Nähe von San Ramon in der East Bay. Es erschütterte Häuser und weckte Bewohner in Teilen der San Francisco Bay Area. Die Behörden meldeten jedoch keine unmittelbaren Schäden oder Verletzungen durch das leichte Beben.","San Ramon Terraemotus: Magnitude 3.4 Terrae motus Crepundia San Ramon Area Nocte Diei Late. 3.4 Terrae motus prope San Ramon in Oriente Bay nuper dominica nocte percussit, domos quassans et incolas vigilias trans partes Area San Francisco Bay, sed auctores nullum damnum immediatum vel iniurias e minore tembloris rettulerunt."
a72074a14f32a18ced91159ec5b67fbf,2026-03-02T11:00:00Z,Snow&Ice,Hazard,www.newyorker.com,en,0.3,Kadir Nelson’s “Cold Chill”,"Françoise Mouly speaks with the artist Kadir Nelson about his cover for the March 9, 2026, issue of The New Yorker.",https://www.newyorker.com/culture/cover-story/cover-story-2026-03-09,"https://media.newyorker.com/photos/699f39d6aec2c851e0c25838/16:9/w_1280,c_limit/CoverStory-web_box_kadir_coldchill.jpg",,"Kadir Nelsons painting for the cover of the March 9, 2026, issue was inspired by the frigid temperatures and heavy snowfall that have swept across much of the country recently. Last week, parts of Ne… [+203 chars]","Kadir Nelson’s “Cold Chill”. Françoise Mouly speaks with the artist Kadir Nelson about his cover for the March 9, 2026, issue of The New Yorker.",Kadir Nelsons „Cold Chill“. Françoise Mouly spricht mit dem Künstler Kadir Nelson über sein Cover für die Ausgabe des New Yorker vom 9. März 2026.,"Kadir Nelson est ""Frigus Chill"". Françoise Mouly cum artifice Kadir Nelson de operculo suo loquitur pro die 9 Martii 2026, exitus The New Yorker."
20a7a91324d6325a9fc407b93cdead92,2026-03-02T12:41:15Z,Earthquake,Hazard,www.tomshardware.com,en,0.9,Cave-inspired 3D printed Japanese home touted as earthquake resistant — two-story house first of its kind to be granted seismic compliance certificate,Construction of the first government approved two-story 3D printed home has been completed in Japan. The design is 'cave-inspired.',https://www.tomshardware.com/3d-printing/cave-inspired-3d-printed-japanese-home-touted-as-earthquake-resistant-two-storey-house-first-of-its-kind-to-be-granted-seismic-compliance-certificate,https://cdn.mos.cms.futurecdn.net/G8jGDG4pTUXJSLETZq6jGh-1920-80.jpg,http://web.archive.org/web/20260303003543/https://www.tomshardware.com/3d-printing/cave-inspired-3d-printed-japanese-home-touted-as-earthquake-resistant-two-storey-house-first-of-its-kind-to-be-granted-seismic-compliance-certificate,"Construction of the first government-approved two-story 3D printed home has been completed in Japan. Understandably, the land of the rising sun has stringent seismic compliance regulations, so this i… [+2836 chars]",Cave-inspired 3D printed Japanese home touted as earthquake resistant — two-story house first of its kind to be granted seismic compliance certificate. Construction of the first government approved two-story 3D printed home has been completed in Japan. The design is 'cave-inspired.',"Von einer Höhle inspiriertes 3D-gedrucktes japanisches Haus, das als erdbebensicher angepriesen wird – zweistöckiges Haus, das als erstes seiner Art ein Erdbebensicherheitszertifikat erhält. Der Bau des ersten von der Regierung genehmigten zweistöckigen 3D-gedruckten Hauses wurde in Japan abgeschlossen. Das Design ist „Höhlen-inspiriert“.",Cave-inspirata 3D typis Iaponicis domum emissa ut terrae motus obsistens — duo-fabulae domus primae generis sui certificatorium obsequium seismicum concedendum. Constructio primi regiminis approbata duo historia 3D impressa in Iaponia confecta est. Consilium est ' cave-inspired.'
a605ca5999f106b79f12673c279dba05,2026-03-02T13:09:40Z,Snow&Ice,Hazard,economictimes.indiatimes.com,en,0.7,Winter weather advisory prompts school delays and closures across Greater Cincinnati — See if your district is impacted,"Greater Cincinnati is under a winter weather advisory through 11 a.m. Monday, March 2, leading several school districts to announce delays and closures. Snow is anticipated to begin before and during the morning rush, between 5 and 7 a.m., with sleet mixing i…",https://economictimes.indiatimes.com/news/international/us/winter-weather-advisory-prompts-school-delays-and-closures-across-greater-cincinnati-see-if-your-district-is-impacted/articleshow/128947510.cms,"https://img.etimg.com/thumb/msid-128947510,width-1200,height-630,imgsize-266534,overlay-economictimes/articleshow.jpg",http://web.archive.org/web/20260302132207/https://economictimes.indiatimes.com/news/international/us/winter-weather-advisory-prompts-school-delays-and-closures-across-greater-cincinnati-see-if-your-district-is-impacted/articleshow/128947510.cms,"Another round of wintry weather is about to impact the Greater Cincinnati region early Monday, leading many school districts to modify their schedules out of warning. Some school districts are announ… [+2275 chars]","Winter weather advisory prompts school delays and closures across Greater Cincinnati — See if your district is impacted. Greater Cincinnati is under a winter weather advisory through 11 a.m. Monday, March 2, leading several school districts to announce delays and closures. Snow is anticipated to begin before and during the morning rush, between 5 and 7 a.m., with sleet mixing i…","Winterwetterwarnungen führen zu Verzögerungen und Schließungen von Schulen im gesamten Großraum Cincinnati – Sehen Sie, ob Ihr Bezirk betroffen ist. Für den Großraum Cincinnati gilt bis Montag, 2. März, 11 Uhr eine Winterwetterwarnung, was dazu führt, dass mehrere Schulbezirke Verzögerungen und Schließungen ankündigen. Es wird erwartet, dass es vor und während des morgendlichen Ansturms zwischen 5 und 7 Uhr zu schneien beginnt, wobei sich Schneeregen vermischt.","Tempestas hiemalis consiliarius scholas moras et commissuras per Maiorem Cincinnati suggerit - Vide si regio tua impacta est. Maior Cincinnati sub consilio tempestatis hiemalis per 11 a.m. Lunae, 2 Martii, plures regiones scholae ducens ut moras et commissuras nuntiaret. Nix praecipitur ut ante et in mane ruit, inter 5 et 7 a.m., cum pruina mixtionis i…"
badb53729ede28a868b420b3e45ddecf,2026-03-02T13:55:16Z,Snow&Ice,Hazard,www.denverpost.com,en,0.9,"Denver weather: Near-record heat forecast for city ahead of rain, snow","Denver temperatures were expected to approach near-record highs on Monday ahead of Tuesday's rain showers, according to the National Weather Service.",https://www.denverpost.com/2026/03/02/denver-weather-forecast-heat-snow/,https://www.denverpost.com/wp-content/uploads/2025/06/TDP-L-weather062025-cha-1396.jpg?w=1024&h=683,http://web.archive.org/web/20260303053351/https://www.denverpost.com/2026/03/02/denver-weather-forecast-heat-snow/,"Denver temperatures were expected to approach near-record highs on Monday ahead of Tuesday’s rain showers, according to the National Weather Service.
As of Monday morning, temperatures in Denver wer… [+955 chars]","Denver weather: Near-record heat forecast for city ahead of rain, snow. Denver temperatures were expected to approach near-record highs on Monday ahead of Tuesday's rain showers, according to the National Weather Service.","Wetter in Denver: Vorhersage einer nahezu rekordverdächtigen Hitze für die Stadt, bevor es regnen und schneien wird. Nach Angaben des National Weather Service wurde erwartet, dass sich die Temperaturen in Denver am Montag vor den Regenschauern am Dienstag nahezu Rekordhöhen nähern.","Tempestas Denver: Prope-record calor urbi praenuntius pluviae, nix. Denver temperaturae expectatae sunt appropinquare gravissimas prope recordum die Lunae ante imbres Martis imbres, secundum servicium Tempestatis Nationalis."
dec1362dc648bc6f30f8c2824e85d225,2026-03-02T18:13:01Z,Tsunami,Mitigation,nypost.com,en,0.9,Nearly half of colorectal cancer diagnoses are now in people younger than 65,"As younger generations age, researchers are warning that their colorectal cancer burden will “swell like a tsunami.”",https://nypost.com/2026/03/02/health/nearly-half-of-colorectal-cancer-diagnoses-are-now-in-people-younger-than-65/,https://nypost.com/wp-content/uploads/sites/2/2026/03/122618463.jpg?quality=75&strip=all&w=1200,http://web.archive.org/web/20260302183850/https://nypost.com/2026/03/02/health/nearly-half-of-colorectal-cancer-diagnoses-are-now-in-people-younger-than-65/,"The face of colorectal cancer is getting younger by the day. Meanwhile, researchers are potentially years away from understanding why.
Just weeks after actor James Van Der Beek died of colorectal ca… [+4946 chars]","Nearly half of colorectal cancer diagnoses are now in people younger than 65. As younger generations age, researchers are warning that their colorectal cancer burden will “swell like a tsunami.”","Fast die Hälfte der Darmkrebsdiagnosen betrifft mittlerweile Menschen unter 65 Jahren. Mit zunehmendem Alter jüngerer Generationen warnen Forscher, dass ihre Darmkrebsbelastung „wie ein Tsunami ansteigen“ wird.","Prope dimidium diagnoses cancri colorectales nunc sunt in iunioribus quam 65. Cum aetates minores, investigatores monent eorum cancrum colorectale onus ""sicut tsunami tument."""
70fdac5322ea624436318daf8a574a92,2026-03-02T19:23:41Z,Snow&Ice,Impacts,www.kpbs.org,en,0.3,California GOP lawmakers are incensed over a gas tax study. Rural groups say they need it,"California’s gas is so radioactive, even a bill to study alternatives is fraught. Rural officials are frustrated over the partisan fight because their local industries depend on well-maintained roads.",https://www.kpbs.org/news/politics/2026/03/02/california-gop-lawmakers-are-incensed-over-a-gas-tax-study-rural-groups-say-they-need-it,https://cdn.kpbs.org/dims4/default/f5a497e/2147483647/strip/true/crop/1024x538+0+72/resize/1200x630!/quality/90/?url=http%3A%2F%2Fkpbs-brightspot.s3.us-west-2.amazonaws.com%2F95%2F47%2F5237540240e9a55f02c6d501be35%2F071224-yolo-causeway-fg-cm-04.jpg,http://web.archive.org/web/20260302225038/https://www.kpbs.org/news/politics/2026/03/02/california-gop-lawmakers-are-incensed-over-a-gas-tax-study-rural-groups-say-they-need-it,"This story was originally published by CalMatters. Sign up for their newsletters.
For more than a month, Republican lawmakers in California have blasted a legislative proposal to study alternatives … [+11060 chars]","California GOP lawmakers are incensed over a gas tax study. Rural groups say they need it. California’s gas is so radioactive, even a bill to study alternatives is fraught. Rural officials are frustrated over the partisan fight because their local industries depend on well-maintained roads.","Die republikanischen Gesetzgeber in Kalifornien sind empört über eine Studie zur Gassteuer. Ländliche Gruppen sagen, dass sie es brauchen. Das kalifornische Gas ist so radioaktiv, dass sogar ein Gesetzentwurf zur Untersuchung von Alternativen heikel ist. Die ländlichen Beamten sind über den Partisanenkampf frustriert, da ihre lokale Industrie auf gut instand gehaltene Straßen angewiesen ist.","California GOP legumlatorum studium gasi tributum incensum est. Coetus rustici dicunt se egere. Gas radioactivum in California est, etiam rogatio ad alterum discendi plenum est. Magistratus rustici in pugna factionis frustrantur quod industriae locales eorum in viis bene conservatis pendent."
b4be2b3bd3d56d5ba91b62c2a7b25c7f,2026-03-02T19:31:54Z,Flood,Hazard,www.abc.net.au,en,0.9,"A year on from floods, retirees say insurance woes have upended golden years","It was meant to be their retirement dream, but north Queenslanders have been out of their homes for over a year awaiting flood insurance repairs.",https://www.abc.net.au/news/2026-03-03/north-queensland-flooding-sure-insurance-delays/106330458,https://live-production.wcms.abc-cdn.net.au/97e3a21261df276953d10902b53def5e?impolicy=wcms_watermark_news&cropH=2385&cropW=4240&xPos=0&yPos=0&width=862&height=485&imformat=generic,http://web.archive.org/web/20260302194939/https://www.abc.net.au/news/2026-03-03/north-queensland-flooding-sure-insurance-delays/106330458,"Robyn and Ron Powell never pictured themselves spending their retirement displaced from their forever home in Ingham.
In the year since flood waters inundated their lush north Queensland property th… [+7427 chars]","A year on from floods, retirees say insurance woes have upended golden years. It was meant to be their retirement dream, but north Queenslanders have been out of their homes for over a year awaiting flood insurance repairs.","Ein Jahr nach den Überschwemmungen sagen Rentner, dass Versicherungsprobleme die goldenen Jahre auf den Kopf gestellt haben. Es sollte ihr Traum vom Ruhestand sein, aber die Bewohner von Nord-Queensland sind seit über einem Jahr nicht mehr zu Hause und warten auf die Reparatur ihrer Überschwemmungsversicherung.","Annus ab inundationibus, secessus dicunt assecurationes inauratas annos sumpsisse. Significatum est somnium secessus eorum esse, sed Reginenses Septentrionales e sedibus suis per annum in reparationibus assecurationis diluvii exspectantes fuerunt."
5da91bcef233dc2b067e16e3432a3082,2026-03-02T20:11:13Z,Snow&Ice,Hazard,thoughtcatalog.com,en,0.9,"And Just Like That, Winter Dragged Us Harder Than We Ever Dragged Carrie Bradshaw","Honestly, we’re all Carrie Bradshaw and we need to stop pretending we’re not. First snowfall? We’re her. Bundled up in something ridiculous, romanticizing the whole thing, calling our best friend like, “It’s SNOWING. Isn’t this magical?",https://thoughtcatalog.com/nadia-santiago/2026/03/and-just-like-that-winter-dragged-us-harder-than-we-ever-dragged-carrie-bradshaw/,https://thoughtcatalog.com/wp-content/uploads/2026/03/TC-Article-Main-Image-2.png?w=1536&h=768&crop=1,,"Honestly, we’re all Carrie Bradshaw and we need to stop pretending we’re not.
First snowfall? We’re her. Bundled up in something ridiculous, romanticizing the whole thing, calling our best friend li… [+1357 chars]","And Just Like That, Winter Dragged Us Harder Than We Ever Dragged Carrie Bradshaw. Honestly, we’re all Carrie Bradshaw and we need to stop pretending we’re not. First snowfall? We’re her. Bundled up in something ridiculous, romanticizing the whole thing, calling our best friend like, “It’s SNOWING. Isn’t this magical?","Und einfach so hat uns der Winter stärker in Mitleidenschaft gezogen, als wir es je mit Carrie Bradshaw zu tun hatten. Ehrlich gesagt sind wir alle Carrie Bradshaw und wir müssen aufhören, so zu tun, als wären wir es nicht. Erster Schneefall? Wir sind sie. In etwas Lächerliches gehüllt, das Ganze romantisierend, unseren besten Freund rufend: „Es schneit. Ist das nicht magisch?“","Ac velut id, hyeme, nos duriores Traximus quam nos semper Traximus Carrie Bradshaw. Honeste omnes Carrie Bradshaw sumus et simulantes nos non sumus prohibere necesse est. Primum nix? Nos eius sumus. In ridiculo quodam involutus, rem totam romanticizing vocans amicum nostrum similem, “Ninguit. Estne haec magica?"
d2dee05324929e9280eb04f2f4808506,2026-03-02T23:40:12Z,Storm,Hazard,bringatrailer.com,en,0.7,2.1L 16V-Powered 1981 Volkswagen Scirocco S 6-Speed,"This 1981 Volkswagen Scirocco S was rebuilt and modified in the early 2000s, including the installation of a 2.1L 16-valve inline-four and a GTI manual transaxle with a six-speed conversion kit. The body was seam-welded and repainted in a Porsche shade of sil…",https://bringatrailer.com/listing/1981-volkswagen-scirocco-14/,https://bringatrailer.com/wp-content/uploads/2026/02/1981_volkswagen_scirocco-mk1_img_7383-63423.jpeg,,"This 1981 Volkswagen Scirocco S was rebuilt and modified in the early 2000s, including the installation of a 2.1L 16-valve inline-four and a GTI manual transaxle with a six-speed conversion kit. The … [+3697 chars]","2.1L 16V-Powered 1981 Volkswagen Scirocco S 6-Speed. This 1981 Volkswagen Scirocco S was rebuilt and modified in the early 2000s, including the installation of a 2.1L 16-valve inline-four and a GTI manual transaxle with a six-speed conversion kit. The body was seam-welded and repainted in a Porsche shade of sil…","2.1L 16V-angetriebener 1981er Volkswagen Scirocco S 6-Gang. Dieser Volkswagen Scirocco S von 1981 wurde Anfang der 2000er Jahre umgebaut und modifiziert, einschließlich des Einbaus eines 2,1-Liter-Reihenvierzylinders mit 16 Ventilen und eines GTI-Schaltgetriebes mit einem Sechsgang-Umrüstsatz. Die Karosserie wurde nahtgeschweißt und im Porsche-Silberton neu lackiert.","2.1L 16v-Potuit 1981 Volkswagen Scirocco S 6-Speed. Hoc 1981 Volkswagen Scirocco S reaedificatum ac mutatum est in primis 2000s, inter institutionem 2.1L 16 valvae linearum quatuor et GTI transaxo manuali cum sex velocitate conversionis ornamentum. Corpus commissurae iuncta erat et in umbra ruerat sil…"
763fd23c7315ae7e5abc4c79715c7127,2026-03-03T01:50:03Z,Wildfire,Hazard,www.siskiyou.news,en,0.9,Urgent Call to Shift Wildfire Management Practices to Protect Public Health and Safety in Siskiyou County,"Post Views: 294 Public Letter for disclosure/publishing – March 1, 2026 Dear Members of the Board of Supervisors, Sheriff LaRue, and Concerned Officials: I am writing as a resident and advocate for wildfire prevention in Siskiyou County CA to bring attention …",https://www.siskiyou.news/2026/03/02/urgent-call-to-shift-wildfire-management-practices-to-protect-public-health-and-safety-in-siskiyou-county/,https://www.siskiyou.news/wp-content/uploads/2026/03/Bill-on-fire-line-3-1-e1772501315993.jpg,,"Public Letter for disclosure/publishing – March 1, 2026
Dear Members of the Board of Supervisors, Sheriff LaRue, and Concerned Officials:
I am writing as a resident and advocate for wildfire preven… [+4129 chars]","Urgent Call to Shift Wildfire Management Practices to Protect Public Health and Safety in Siskiyou County. Post Views: 294 Public Letter for disclosure/publishing – March 1, 2026 Dear Members of the Board of Supervisors, Sheriff LaRue, and Concerned Officials: I am writing as a resident and advocate for wildfire prevention in Siskiyou County CA to bring attention …","Dringender Aufruf zur Änderung der Waldbrandmanagementpraktiken zum Schutz der öffentlichen Gesundheit und Sicherheit im Kreis Siskiyou. Aufrufe des Beitrags: 294 Öffentlicher Brief zur Offenlegung/Veröffentlichung – 1. März 2026 Liebe Mitglieder des Aufsichtsrats, Sheriff LaRue und betroffene Beamte: Ich schreibe als Anwohner und Verfechter der Waldbrandprävention im Siskiyou County, Kalifornien, um Aufmerksamkeit zu erregen …","Urgente voca ad Shift INCAENDIUM Management Exercitia ad tuendam publicam salutem et incolumitatem in Siskiyou Comitatus. Post Sententias: 294 Litterae publicae aperiendae/enuntiandae - 1 Martii 2026 Dilecti Socii Tabulae Supervisores, Vicecomitis LaRue, ac Officiales versantes: incola et advocatus incendium introductum in Siskiyou comitatu CA scribo ne operam ..."
