,phrase,label,sentiment,subjectivity,language,count
Hurrikan Melissa,Hurrikan Melissa,PER,-0.14343750000000002,0.008125,de,160
Donald Trump,Donald Trump,PER,0.16421568627450978,0.07352941176470588,de,17
Ace Frehley,Ace Frehley,PER,0.0,0.0,de,10
Matthew McConaughey,Matthew McConaughey,PER,0.22999999999999998,0.0,de,10
Jonathan Rinderknecht,Jonathan Rinderknecht,PER,-0.4444444444444444,0.0,de,9
Alarmstufe Rot,Alarmstufe Rot,PER,0.525,0.0,de,8
"Sturmtief ""Joshua","Sturmtief ""Joshua",PER,-0.21904761904761907,0.19047619047619047,de,7
Hurrikan Melissa Grafiken,Hurrikan Melissa Grafiken,PER,0.0,0.0,de,7
Gavin Newsom,Gavin Newsom,PER,-0.3642857142857143,0.0,de,7
Paul Greengrass,Paul Greengrass,PER,0.2833333333333334,0.0,de,6
Sturmtief „Joshua,Sturmtief „Joshua,PER,-0.11666666666666665,0.0,de,6
Zyklon Montha,Zyklon Montha,PER,0.0,0.0,de,6
Javier Milei,Javier Milei,PER,0.3444444444444444,0.16666666666666666,de,6
Friedrich Merz,Friedrich Merz,PER,-0.27999999999999997,0.0,de,5
Bill Gates,Bill Gates,PER,0.4,0.0,de,5
Vorsicht Glatteis,Vorsicht Glatteis,PER,0.0,0.0,de,4
Andrew Holness,Andrew Holness,PER,-0.25,0.0,de,4
Energieriesen Shell,Energieriesen Shell,PER,0.0,0.0,de,4
Tropensturm Melissa,Tropensturm Melissa,PER,0.175,0.0,de,4
America Ferrera,America Ferrera,PER,0.5,0.0,de,4
"Sturmtief ""Elli","Sturmtief ""Elli",PER,-0.175,0.0,de,4
Jerome Powell,Jerome Powell,PER,-0.0875,0.25,de,4
Südkalifornien Edison,Südkalifornien Edison,PER,-0.5,0.0,de,4
"Sturm ""Bualoi","Sturm ""Bualoi",PER,0.0,0.0,de,4
Marco Odermatt,Marco Odermatt,PER,0.5,0.0,de,4
Christian Pulisic,Christian Pulisic,PER,-0.5625,0.0,de,4
Raila Odinga,Raila Odinga,PER,-0.3333333333333333,0.0,de,3
Thomas Wrede,Thomas Wrede,PER,0.0,0.0,de,3
Gibran Rakabuming Raka,Gibran Rakabuming Raka,PER,-0.6666666666666666,0.0,de,3
Björn Alexander,Björn Alexander,PER,-0.2333333333333333,0.0,de,3
Charlie Kirk,Charlie Kirk,PER,0.0,0.0,de,3
Al Jazeera,Al Jazeera,PER,0.2333333333333333,0.3333333333333333,de,3
Sturmtief Joshua,Sturmtief Joshua,PER,0.3333333333333333,0.0,de,3
Hurrikan Helene,Hurrikan Helene,PER,0.0,0.3333333333333333,de,3
Rick Scott,Rick Scott,PER,0.3333333333333333,0.0,de,3
Prinz Andrew,Prinz Andrew,PER,0.0,0.0,de,3
Franziska Amler,Franziska Amler,PER,0.0,0.0,de,3
Tomiichi Murayama,Tomiichi Murayama,PER,-0.6666666666666666,0.0,de,3
Laura Wontorra,Laura Wontorra,PER,0.0,0.0,de,3
Meghan Markles,Meghan Markles,PER,0.2833333333333333,0.0,de,3
Milei Stimmen,Milei Stimmen,PER,1.0,0.0,de,3
Trumps 20-Milliarden-Dollar-Gewinn,Trumps 20-Milliarden-Dollar-Gewinn,PER,1.0,0.0,de,3
Sean Duffy,Sean Duffy,PER,0.3333333333333333,0.0,de,3
Jason Allen,Jason Allen,PER,0.0,0.3333333333333333,de,3
Sturm Amy,Sturm Amy,PER,0.2333333333333333,0.0,de,3
Wolfgang Schroeder,Wolfgang Schroeder,PER,0.05000000000000001,0.0,de,3
Wetter Bayern,Wetter Bayern,PER,0.0,0.0,de,3
Zohran Mamdani,Zohran Mamdani,PER,0.2333333333333333,0.3333333333333333,de,3
Tamil Nadu,Tamil Nadu,PER,0.5,0.5,de,2
Spencer Kaufman,Spencer Kaufman,PER,0.5,0.0,de,2
Craig Mazin,Craig Mazin,PER,0.0,0.0,de,2
Mini Cooper,Mini Cooper,PER,0.0,0.0,de,2
John August,John August,PER,0.0,0.0,de,2
Type R,Type R,PER,0.0,0.0,de,2
Josh O’Connor,Josh O’Connor,PER,-0.15000000000000002,0.0,de,2
Trans Mountain,Trans Mountain,PER,-0.5,0.0,de,2
Ian Edwards,Ian Edwards,PER,0.5,0.0,de,2
Cécile McLorin,Cécile McLorin,PER,0.0,0.0,de,2
Kevin McKay,Kevin McKay,PER,0.0,0.0,de,2
Mamata Banerjee,Mamata Banerjee,PER,0.0,0.0,de,2
Cristiano Ronaldo,Cristiano Ronaldo,PER,0.35,0.0,de,2
Joe Biden,Joe Biden,PER,0.0,0.0,de,2
Ferdinand Marcos Jr,Ferdinand Marcos Jr,PER,0.0,0.0,de,2
Drake Passage,Drake Passage,PER,0.7,0.0,de,2
Edwin Castro,Edwin Castro,PER,-0.85,0.0,de,2
Rob Marciano,Rob Marciano,PER,0.0,0.0,de,2
Jim Morrison,Jim Morrison,PER,-0.5,0.0,de,2
Taylor Swift,Taylor Swift,PER,0.0,0.0,de,2
Sean Astin,Sean Astin,PER,0.35,0.0,de,2
Tim Frost,Tim Frost,PER,0.39999999999999997,0.0,de,2
Karen Bass,Karen Bass,PER,0.0,0.0,de,2
Tua Tagovailoa,Tua Tagovailoa,PER,0.0,0.0,de,2
Alec Baldwins,Alec Baldwins,PER,0.0,0.0,de,2
Bob Mould,Bob Mould,PER,0.175,0.0,de,2
Letitia James,Letitia James,PER,0.0,0.0,de,2
Tommy Robinson,Tommy Robinson,PER,-0.5,0.0,de,2
Bremens Umgang,Bremens Umgang,PER,-1.0,0.0,de,2
Gordon Ramsay Burger,Gordon Ramsay Burger,PER,0.0,0.0,de,2
Ruth Deidree Boelan,Ruth Deidree Boelan,PER,-0.7,0.0,de,2
Schnee schippt,Schnee schippt,PER,0.0,0.0,de,2
Kai Trump,Kai Trump,PER,0.35,0.0,de,2
Anna Sui,Anna Sui,PER,-0.35,0.0,de,2
Jamaikas Stromnetz,Jamaikas Stromnetz,PER,0.0,0.0,de,2
Suryakumar Yadav,Suryakumar Yadav,PER,0.0,0.0,de,2
Miley Cyrus,Miley Cyrus,PER,0.15000000000000002,0.0,de,2
Mikie Sherrill,Mikie Sherrill,PER,0.0,0.0,de,2
Markus Steilemann,Markus Steilemann,PER,0.15000000000000002,0.0,de,2
Ayesha Curry,Ayesha Curry,PER,-0.35,0.0,de,2
Montagfrüh Schneeglätte,Montagfrüh Schneeglätte,PER,0.0,0.0,de,2
Laura Anninger,Laura Anninger,PER,0.0,0.5,de,2
Smillas Gespür,Smillas Gespür,PER,0.0,0.0,de,2
Frostiges Paradies,Frostiges Paradies,PER,0.0,0.0,de,2
Sebastian Ströbel,Sebastian Ströbel,PER,0.0,0.0,de,2
Räumung von Straßen,Räumung von Straßen,PER,0.0,0.0,de,2
Markus Söder,Markus Söder,PER,-0.7,0.0,de,2
"Zwischenfazit zu Sturmtief ""Elli","Zwischenfazit zu Sturmtief ""Elli",PER,0.0,0.0,de,2
"Sturm ""Elli","Sturm ""Elli",PER,0.0,0.0,de,2
Glatteis Warnstufe,Glatteis Warnstufe,PER,0.0,0.0,de,2
Singh Sirsa,Singh Sirsa,PER,-0.5,0.0,de,2
Jamaikas Regierungschef,Jamaikas Regierungschef,PER,-0.7,0.0,de,2
Aida Rodriguez,Aida Rodriguez,PER,0.5,0.0,de,2
Thomas Pandola,Thomas Pandola,PER,-0.1625,0.0,de,2
Ilya Solovyov,Ilya Solovyov,PER,0.5,0.0,de,2
Chinas Batteriegiganten,Chinas Batteriegiganten,PER,0.0,0.0,de,2
John Elwes,John Elwes,PER,0.0,0.0,de,2
Tayyip Erdogan,Tayyip Erdogan,PER,0.35,0.0,de,2
Parks Canada,Parks Canada,PER,0.7,0.0,de,2
George Santos,George Santos,PER,0.0,0.0,de,2
Charlotte Walker,Charlotte Walker,PER,0.0,0.0,de,2
Sturmtief „Joshua“,Sturmtief „Joshua“,PER,-0.15000000000000002,0.0,de,2
Angela Kinsey,Angela Kinsey,PER,0.0,0.0,de,2
Justina Machado,Justina Machado,PER,0.5,0.0,de,2
Lukas Gage,Lukas Gage,PER,0.0,0.0,de,2
Chelsea Clinton,Chelsea Clinton,PER,0.0,0.0,de,2
Boyd Varty,Boyd Varty,PER,-0.07500000000000001,0.5,de,2
Catherine Connolly,Catherine Connolly,PER,0.35,0.0,de,2
Österreichs Skigebiete,Österreichs Skigebiete,PER,0.5,0.0,de,2
Marco Schwarz,Marco Schwarz,PER,0.7749999999999999,0.0,de,2
Alexander Schmid,Alexander Schmid,PER,0.35,0.0,de,2
Zaha Hadids,Zaha Hadids,PER,0.0,0.0,de,2
Mike Johnson,Mike Johnson,PER,-0.25,0.0,de,2
turbulentem Jahresstart,turbulentem Jahresstart,PER,0.0,0.0,de,2
Datuk Seri Anwar Ibrahim,Datuk Seri Anwar Ibrahim,PER,-0.5,0.0,de,2
Buffetts Energieversorger,Buffetts Energieversorger,PER,0.0,0.0,de,2
Geological Survey,Geological Survey,PER,0.0,0.0,de,2
Honolulu Star-Advertiser,Honolulu Star-Advertiser,PER,0.0,0.0,de,2
Tarun Chugh,Tarun Chugh,PER,-0.5,0.0,de,2
Shaquille O’Neal,Shaquille O’Neal,PER,0.0,0.0,de,2
Chuck Norris,Chuck Norris,PER,0.5,0.0,de,2
Guillermo del Toro,Guillermo del Toro,PER,0.0,0.5,de,2
Greg Abbott,Greg Abbott,PER,0.0,0.0,de,2
Anya Taylor-Joy,Anya Taylor-Joy,PER,0.5,0.0,de,2
Chris Evans,Chris Evans,PER,0.5,0.0,de,2
Baba Nanak,Baba Nanak,PER,0.0,0.0,de,2
Thomas Markle,Thomas Markle,PER,0.35,0.0,de,2
Jordan Horrillo,Jordan Horrillo,PER,0.0,0.0,de,2
verrottendem Getreide,verrottendem Getreide,PER,0.0,0.0,de,2
Shaun White,Shaun White,PER,0.0,0.0,de,2
Schlafstörende Gehirnzellen,Schlafstörende Gehirnzellen,PER,0.0,0.0,de,1
Madi Keita,Madi Keita,PER,0.0,0.0,de,1
Stevie Chedid,Stevie Chedid,PER,0.0,0.0,de,1
Thomas Jefferson,Thomas Jefferson,PER,1.0,0.0,de,1
Amerikas Gründerväter,Amerikas Gründerväter,PER,0.0,0.0,de,1
Monstersturm „Melissa,Monstersturm „Melissa,PER,0.0,0.0,de,1
Greg No,Greg No,PER,1.0,0.0,de,1
Spike Lees,Spike Lees,PER,1.0,0.0,de,1
Grant Hart,Grant Hart,PER,-0.15000000000000002,0.0,de,1
Greg Norton,Greg Norton,PER,-0.15000000000000002,0.0,de,1
Armando Manguleh,Armando Manguleh,PER,0.0,0.0,de,1
Stevie Chick,Stevie Chick,PER,-0.15000000000000002,0.0,de,1
Monsunregen dieses Jahr,Monsunregen dieses Jahr,PER,0.0,0.0,de,1
Keir Starmer Ankara,Keir Starmer Ankara,PER,0.0,0.0,de,1
Recep Tayyip Erdoğan,Recep Tayyip Erdoğan,PER,0.0,0.0,de,1
Keir Starmer,Keir Starmer,PER,0.7,0.0,de,1
Prince George,Prince George,PER,0.0,0.0,de,1
Nigeria GVO,Nigeria GVO,PER,0.0,0.0,de,1
Langsamer Sturm,Langsamer Sturm,PER,-0.35,0.5,de,1
Junior Ebanks,Junior Ebanks,PER,0.0,0.0,de,1
Bhagwant Mann,Bhagwant Mann,PER,-1.0,0.0,de,1
Hüsker Dü,Hüsker Dü,PER,0.0,0.0,de,1
Alycia Pascual-Peña,Alycia Pascual-Peña,PER,1.0,0.0,de,1
Elvis Nolasco,Elvis Nolasco,PER,1.0,0.0,de,1
Jerry Minor,Jerry Minor,PER,1.0,0.0,de,1
Nicole Gomez Fisher,Nicole Gomez Fisher,PER,1.0,0.0,de,1
Chefmeteorologin Lisa Teachman,Chefmeteorologin Lisa Teachman,PER,0.0,0.0,de,1
Francis Kérés,Francis Kérés,PER,0.0,0.0,de,1
Guru Randhawa,Guru Randhawa,PER,0.0,0.0,de,1
Spike Lee,Spike Lee,PER,0.0,0.0,de,1
Daryll Arro,Daryll Arro,PER,0.0,0.0,de,1
Kéré Architecture,Kéré Architecture,PER,0.7,0.0,de,1
Don Josephus Raphael Eblahans,Don Josephus Raphael Eblahans,PER,0.0,0.0,de,1
John Morales,John Morales,PER,-1.0,0.0,de,1
Hannah Grubbs,Hannah Grubbs,PER,1.0,0.0,de,1
Desmond McKenz,Desmond McKenz,PER,0.0,0.0,de,1
News-Korrespondent Jason Allen,News-Korrespondent Jason Allen,PER,0.0,0.0,de,1
Jamaika hinweggezogen,Jamaika hinweggezogen,PER,0.0,0.0,de,1
Asiens Nostradamus Jay Costura,Asiens Nostradamus Jay Costura,PER,-0.85,0.0,de,1
Fani Maoré,Fani Maoré,PER,0.7,0.0,de,1
Andrew Cuomo,Andrew Cuomo,PER,0.0,0.0,de,1
Rubio Trumps,Rubio Trumps,PER,0.0,0.0,de,1
Kelley Vlahos,Kelley Vlahos,PER,-1.0,0.0,de,1
Jam entfesselte,Jam entfesselte,PER,0.0,0.0,de,1
Matthew Cappucci,Matthew Cappucci,PER,0.0,0.0,de,1
Jamaikas Ministerpräsident,Jamaikas Ministerpräsident,PER,0.0,0.0,de,1
Glencore Plc,Glencore Plc,PER,1.0,0.0,de,1
Mamdanis Gegner,Mamdanis Gegner,PER,0.0,0.0,de,1
Bill Ackman,Bill Ackman,PER,0.0,1.0,de,1
Hurrikan Melissa Live-Updates,Hurrikan Melissa Live-Updates,PER,0.0,0.0,de,1
HIV-infiziertes Blut,HIV-infiziertes Blut,PER,-1.0,0.0,de,1
Samyukta Sangharsha Samiti,Samyukta Sangharsha Samiti,PER,0.0,0.0,de,1
Grant Gilmore,Grant Gilmore,PER,0.0,1.0,de,1
Jamaikas Küste,Jamaikas Küste,PER,1.0,0.0,de,1
Jon Stewart,Jon Stewart,PER,0.7,0.0,de,1
Dorfvorsteher von Manipur,Dorfvorsteher von Manipur,PER,0.0,0.0,de,1
Ullal Up,Ullal Up,PER,0.0,0.0,de,1
Jharkhands Gesundheitsprotokolle,Jharkhands Gesundheitsprotokolle,PER,-1.0,0.0,de,1
Michael Bloomberg,Michael Bloomberg,PER,0.0,1.0,de,1
HIV-infiziertem Blut,HIV-infiziertem Blut,PER,0.0,0.0,de,1
Md Jasmuddin Ansari,Md Jasmuddin Ansari,PER,-0.7,0.0,de,1
Aditya Ranjan,Aditya Ranjan,PER,0.0,0.0,de,1
Andhra Pradesh,Andhra Pradesh,PER,0.0,0.0,de,1
Melissa kr,Melissa kr,PER,0.0,0.0,de,1
Desmond McKenzie,Desmond McKenzie,PER,-0.7,0.0,de,1
Melissa anheizt,Melissa anheizt,PER,0.0,0.0,de,1
Peter Ballantyne Cree Nation-Reservat,Peter Ballantyne Cree Nation-Reservat,PER,0.0,1.0,de,1
Lijing Wang,Lijing Wang,PER,0.0,0.0,de,1
Erdbebenbereites Delhi,Erdbebenbereites Delhi,PER,0.0,0.0,de,1
Qudrat Wasefi,Qudrat Wasefi,PER,-1.0,0.0,de,1
Earthquakes Canada,Earthquakes Canada,PER,0.7,0.0,de,1
Gastaufsatz von Linnea,Gastaufsatz von Linnea,PER,0.7,0.0,de,1
Trumps weltgestaltenden,Trumps weltgestaltenden,PER,-0.7,0.0,de,1
Tim Ferriss-Show,Tim Ferriss-Show,PER,-0.15000000000000002,0.0,de,1
Natalius Pigai,Natalius Pigai,PER,0.0,0.0,de,1
Beauty-Redakteurin Alexandra Busse-Richter,Beauty-Redakteurin Alexandra Busse-Richter,PER,-1.0,0.0,de,1
Jalan Tun Sardon,Jalan Tun Sardon,PER,0.0,0.0,de,1
Österreichs Rennen,Österreichs Rennen,PER,0.0,0.0,de,1
Patricia Lamela,Patricia Lamela,PER,0.0,0.0,de,1
Herbststurm Joshua,Herbststurm Joshua,PER,0.0,0.0,de,1
Tief „Joshua,Tief „Joshua,PER,0.0,0.0,de,1
Kim Clear,Kim Clear,PER,0.0,0.0,de,1
Leiterin von Millcreek,Leiterin von Millcreek,PER,0.0,0.0,de,1
Laura Dahlmeier,Laura Dahlmeier,PER,0.0,0.0,de,1
Megha Majumdars,Megha Majumdars,PER,-0.7,0.0,de,1
sattelbraunem Dakota-Leder,sattelbraunem Dakota-Leder,PER,0.0,0.0,de,1
Chris Appleton,Chris Appleton,PER,0.0,0.0,de,1
Skistar Pinturault,Skistar Pinturault,PER,0.0,0.0,de,1
GEORGE TOWN,GEORGE TOWN,PER,0.7,0.0,de,1
Mount Gibson,Mount Gibson,PER,0.0,0.0,de,1
Anirban Mandal,Anirban Mandal,PER,0.0,0.0,de,1
Vail Resorts,Vail Resorts,PER,0.0,0.0,de,1
Josef Mengele,Josef Mengele,PER,0.0,0.0,de,1
Kirill Serebrennikovs,Kirill Serebrennikovs,PER,1.0,0.0,de,1
Alexis Pinturault,Alexis Pinturault,PER,0.0,0.0,de,1
Trisha Paytas,Trisha Paytas,PER,0.0,0.0,de,1
Johan Eliasch,Johan Eliasch,PER,0.0,0.0,de,1
Ricardo Lara,Ricardo Lara,PER,0.0,0.0,de,1
Umgestürzte Bäume,Umgestürzte Bäume,PER,0.0,0.0,de,1
Manu Josephs,Manu Josephs,PER,-0.7,0.0,de,1
Hause schön,Hause schön,PER,0.85,0.0,de,1
Tourismusminister Widiyanti Putri Wardhana,Tourismusminister Widiyanti Putri Wardhana,PER,0.7,0.0,de,1
Thomas Huber,Thomas Huber,PER,0.0,0.0,de,1
Marco Grüll,Marco Grüll,PER,0.0,0.0,de,1
Biber Ökosysteme,Biber Ökosysteme,PER,0.0,0.0,de,1
Emma Court,Emma Court,PER,0.0,0.0,de,1
Kleiner Bäckerei-Manager,Kleiner Bäckerei-Manager,PER,0.0,0.0,de,1
Grindavíks Bewohnern,Grindavíks Bewohnern,PER,0.0,0.0,de,1
Richard Morton,Richard Morton,PER,0.0,0.0,de,1
Xi Jinping,Xi Jinping,PER,0.0,0.0,de,1
Sandy Bay,Sandy Bay,PER,0.0,0.0,de,1
Mileis libertärem,Mileis libertärem,PER,0.0,0.0,de,1
Don Maurizios,Don Maurizios,PER,0.0,0.0,de,1
Neapels Peripherie,Neapels Peripherie,PER,0.0,0.0,de,1
Victoria hinwegfegten,Victoria hinwegfegten,PER,0.7,0.0,de,1
Oldoinyo Lengai,Oldoinyo Lengai,PER,-1.0,0.0,de,1
Albert Einstein,Albert Einstein,PER,0.0,0.0,de,1
Leaf Rapids,Leaf Rapids,PER,1.0,0.0,de,1
Richard Carrington,Richard Carrington,PER,0.0,0.0,de,1
Dana Goodyears,Dana Goodyears,PER,0.0,0.0,de,1
Hoi An,Hoi An,PER,0.0,1.0,de,1
Ervin Bighetty,Ervin Bighetty,PER,-0.15000000000000002,0.0,de,1
Nord-Utahs Schneefall,Nord-Utahs Schneefall,PER,0.0,0.0,de,1
Spencer Pratt,Spencer Pratt,PER,0.7,0.0,de,1
Lass Ruhe,Lass Ruhe,PER,0.0,0.0,de,1
Kamala Harris,Kamala Harris,PER,0.5,0.0,de,1
Aliso Canyon,Aliso Canyon,PER,0.0,0.0,de,1
Matt Pakucko,Matt Pakucko,PER,-0.7,0.0,de,1
Cyclone Montha,Cyclone Montha,PER,0.0,0.0,de,1
Long Lake,Long Lake,PER,0.0,0.0,de,1
Kleiner Erdrutsch,Kleiner Erdrutsch,PER,-1.0,0.0,de,1
Mora Scott,Mora Scott,PER,0.0,0.0,de,1
Eva Story,Eva Story,PER,0.0,0.0,de,1
Bhavini Gohel,Bhavini Gohel,PER,0.0,1.0,de,1
Peter Osteried,Peter Osteried,PER,0.0,0.0,de,1
George Lucas,George Lucas,PER,0.0,0.0,de,1
Prabowo Subianto,Prabowo Subianto,PER,0.0,0.0,de,1
Johor Bomba,Johor Bomba,PER,0.0,0.0,de,1
"Sturm ""Joshua","Sturm ""Joshua",PER,-0.7,0.0,de,1
Carol Guzy,Carol Guzy,PER,0.0,0.0,de,1
Yuji Horii,Yuji Horii,PER,0.0,0.0,de,1
Katrin Göring-Eckardt,Katrin Göring-Eckardt,PER,0.0,0.0,de,1
Sachsens Skigebiete,Sachsens Skigebiete,PER,0.0,0.0,de,1
SoCal Edison,SoCal Edison,PER,-1.0,0.0,de,1
schneeglatter Fahrbahn,schneeglatter Fahrbahn,PER,0.0,0.0,de,1
Georg Friedrichs,Georg Friedrichs,PER,0.0,0.0,de,1
Niederösterreichs Skisaison,Niederösterreichs Skisaison,PER,0.0,0.0,de,1
Parametric Flood,Parametric Flood,PER,0.0,0.0,de,1
Indonesiens Mount Semeru,Indonesiens Mount Semeru,PER,0.7,0.0,de,1
Filippa Coster-Waldau,Filippa Coster-Waldau,PER,0.0,1.0,de,1
Elyas M’Barek,Elyas M’Barek,PER,0.0,1.0,de,1
Bille Augusts,Bille Augusts,PER,0.0,0.0,de,1
Peter Høegs,Peter Høegs,PER,0.0,0.0,de,1
Leonardo DiCaprio,Leonardo DiCaprio,PER,-1.0,0.0,de,1
Frank Thelen,Frank Thelen,PER,1.0,0.0,de,1
Schnee rechnen d,Schnee rechnen d,PER,0.0,0.0,de,1
Christina Biasi,Christina Biasi,PER,0.0,0.0,de,1
Kärntens Skigebiete,Kärntens Skigebiete,PER,0.0,0.0,de,1
Omar Abdullah,Omar Abdullah,PER,0.7,0.0,de,1
Wiens Winterdienst,Wiens Winterdienst,PER,0.0,0.0,de,1
Charles Hoskinson,Charles Hoskinson,PER,0.0,0.0,de,1
Was besucher,Was besucher,PER,-1.0,0.0,de,1
Kilian Jornets,Kilian Jornets,PER,1.0,0.0,de,1
Australiens Sturmsaison,Australiens Sturmsaison,PER,0.0,0.0,de,1
Ex-Bürgermeister von Odessa,Ex-Bürgermeister von Odessa,PER,0.0,0.0,de,1
Hennadij Truchanow,Hennadij Truchanow,PER,0.0,0.0,de,1
Theo Von,Theo Von,PER,0.0,0.0,de,1
Christophe Jacrot,Christophe Jacrot,PER,0.7,0.0,de,1
Staunende Besucher,Staunende Besucher,PER,0.0,0.0,de,1
Sebastian Ebel,Sebastian Ebel,PER,0.7,0.0,de,1
Nina Chuba,Nina Chuba,PER,0.0,0.0,de,1
Vanessa Mai,Vanessa Mai,PER,0.0,0.0,de,1
Warnstufe Gelb,Warnstufe Gelb,PER,0.0,0.0,de,1
Franz Julen,Franz Julen,PER,-1.0,0.0,de,1
Reto Knutti,Reto Knutti,PER,0.0,0.0,de,1
Walter Salles,Walter Salles,PER,0.0,0.0,de,1
Wolfgang Blank,Wolfgang Blank,PER,-0.7,0.0,de,1
Susanne Arndt,Susanne Arndt,PER,1.0,0.0,de,1
Erdbeben Frau,Erdbeben Frau,PER,-0.7,0.0,de,1
Episode eruptiver Aktivität,Episode eruptiver Aktivität,PER,0.0,0.0,de,1
Paul Heger,Paul Heger,PER,0.0,0.0,de,1
Alexander Hildebrandt,Alexander Hildebrandt,PER,-0.7,0.0,de,1
Teile Hessens,Teile Hessens,PER,0.0,0.0,de,1
Quiz des Tages,Quiz des Tages,PER,-1.0,0.0,de,1
Stefan H,Stefan H,PER,0.0,0.0,de,1
Sturmtief „Elli“ ,Sturmtief „Elli“ ,PER,0.0,0.0,de,1
Gareth D,Gareth D,PER,0.0,0.0,de,1
Claire M,Claire M,PER,0.0,0.0,de,1
"Wintersturm ""Elli","Wintersturm ""Elli",PER,-1.0,0.0,de,1
Gunnar Schupelius,Gunnar Schupelius,PER,0.0,0.0,de,1
Verkehrsminister Schnieder,Verkehrsminister Schnieder,PER,-0.7,0.0,de,1
Winterausfall Fehleranalyse,Winterausfall Fehleranalyse,PER,0.0,0.0,de,1
Liveblog zu Schnee und Eis,Liveblog zu Schnee und Eis,PER,-1.0,0.0,de,1
Senatorin Ute Bonde,Senatorin Ute Bonde,PER,0.0,0.0,de,1
Schnee von Stromleitung,Schnee von Stromleitung,PER,0.0,0.0,de,1
Liveblog zu Eisregen und Glatteis,Liveblog zu Eisregen und Glatteis,PER,0.0,0.0,de,1
Schlösserland Sachsen,Schlösserland Sachsen,PER,-0.7,0.0,de,1
Sturmtief „Elli“,Sturmtief „Elli“,PER,0.5,0.0,de,1
"Wintersturmfront ""Elli","Wintersturmfront ""Elli",PER,-0.7,0.0,de,1
Laura J,Laura J,PER,0.0,0.0,de,1
Francisco Chronicle,Francisco Chronicle,PER,-1.0,0.0,de,1
Schneereichster Wintersturm,Schneereichster Wintersturm,PER,0.0,0.0,de,1
Frostiges Wetter,Frostiges Wetter,PER,0.0,0.0,de,1
Robert Steiger,Robert Steiger,PER,0.0,0.0,de,1
Hessens Skigebiete,Hessens Skigebiete,PER,0.85,0.0,de,1
Tief „Elli“,Tief „Elli“,PER,-0.5,0.5,de,1
Sturmtief »Elli,Sturmtief »Elli,PER,-1.0,0.0,de,1
Thomas E,Thomas E,PER,0.0,0.0,de,1
Laura Wontorras Traum-Urlaub,Laura Wontorras Traum-Urlaub,PER,0.0,0.0,de,1
Alexander Hildebrand,Alexander Hildebrand,PER,-0.7,0.0,de,1
Gesundheitsminister Philippi,Gesundheitsminister Philippi,PER,0.0,0.0,de,1
Alena Lagmöller,Alena Lagmöller,PER,0.0,0.0,de,1
Philip Raillon,Philip Raillon,PER,0.0,0.0,de,1
Patrick Schnieder,Patrick Schnieder,PER,-0.7,0.0,de,1
Nada Tawfik,Nada Tawfik,PER,0.0,0.0,de,1
Brooklyn Paper,Brooklyn Paper,PER,-1.0,0.0,de,1
Dim Sum,Dim Sum,PER,0.0,0.0,de,1
Ann Arbor,Ann Arbor,PER,0.0,0.0,de,1
Melissa Jamaika,Melissa Jamaika,PER,-1.0,0.0,de,1
Melissa Dächer,Melissa Dächer,PER,-1.0,0.0,de,1
Elliot Ross,Elliot Ross,PER,0.0,0.0,de,1
Delhi Pradesh,Delhi Pradesh,PER,0.0,0.0,de,1
Drosera regina,Drosera regina,PER,0.0,0.0,de,1
Indiens Hitzewellen,Indiens Hitzewellen,PER,0.0,0.0,de,1
Lula da Silva,Lula da Silva,PER,0.0,0.0,de,1
Copernicus Sentinel-2,Copernicus Sentinel-2,PER,0.0,0.0,de,1
Hektischer Realismus,Hektischer Realismus,PER,-1.0,0.0,de,1
Paul Thomas Anderson,Paul Thomas Anderson,PER,-1.0,0.0,de,1
Matthew Childress,Matthew Childress,PER,-0.7,0.0,de,1
Jamaikas Stärke,Jamaikas Stärke,PER,0.0,0.0,de,1
Yvette Cooper,Yvette Cooper,PER,0.0,0.0,de,1
Martha Stewarts Morgenroutine,Martha Stewarts Morgenroutine,PER,0.0,0.0,de,1
Martha Stewarts,Martha Stewarts,PER,0.0,0.0,de,1
Bella Coola ,Bella Coola ,PER,0.0,0.0,de,1
Shubman Gill,Shubman Gill,PER,0.0,0.0,de,1
Olivia Seaman,Olivia Seaman,PER,-1.0,0.0,de,1
Mathias Colomb,Mathias Colomb,PER,0.0,0.0,de,1
Navi Mumbai,Navi Mumbai,PER,0.0,0.0,de,1
Indonesiens Touristeninsel Bali,Indonesiens Touristeninsel Bali,PER,0.0,0.0,de,1
Hurrikan Melissa Jamaika,Hurrikan Melissa Jamaika,PER,0.5,0.0,de,1
Samira Sayed Rahman,Samira Sayed Rahman,PER,-0.7,0.0,de,1
Jahrhundertsturm Melissa,Jahrhundertsturm Melissa,PER,0.0,0.0,de,1
Alice Phoebe Lou,Alice Phoebe Lou,PER,0.0,0.0,de,1
Alice Phoebe Lous,Alice Phoebe Lous,PER,1.0,0.0,de,1
Beas Wasserzufluss,Beas Wasserzufluss,PER,0.7,0.0,de,1
Right Meow,Right Meow,PER,0.0,0.0,de,1
Hewlett Packard Enterprise,Hewlett Packard Enterprise,PER,0.7,0.0,de,1
Haiti Hurrikan,Haiti Hurrikan,PER,1.0,0.0,de,1
Miguel Díaz-Canel,Miguel Díaz-Canel,PER,1.0,0.0,de,1
Jerry Lorenzo,Jerry Lorenzo,PER,0.0,0.0,de,1
Edward Bergers,Edward Bergers,PER,-1.0,0.0,de,1
Colin Farrell,Colin Farrell,PER,-1.0,0.0,de,1
Geshuang Chen,Geshuang Chen,PER,0.0,0.0,de,1
Justin Sanchez,Justin Sanchez,PER,0.0,1.0,de,1
Efthymios Lekkas,Efthymios Lekkas,PER,0.7,0.0,de,1
Dave Aranda,Dave Aranda,PER,0.0,0.0,de,1
Kamila Andini,Kamila Andini,PER,0.0,0.0,de,1
Andrea Illy,Andrea Illy,PER,0.0,0.0,de,1
George Solis,George Solis,PER,0.0,0.0,de,1
"Hurrikan ""Melissa","Hurrikan ""Melissa",PER,-0.7,0.0,de,1
Mike Baker,Mike Baker,PER,0.0,0.0,de,1
Danny Hakim,Danny Hakim,PER,0.0,0.0,de,1
Blacki Migliozzi,Blacki Migliozzi,PER,0.0,0.0,de,1
Donald Trumps Amerika,Donald Trumps Amerika,PER,0.0,0.0,de,1
Medicago truncatula-Wurzel,Medicago truncatula-Wurzel,PER,0.0,0.0,de,1
Prävalenz von Gewalt,Prävalenz von Gewalt,PER,0.0,0.0,de,1
Stephen Currys,Stephen Currys,PER,0.0,0.0,de,1
Tom Brinkworth,Tom Brinkworth,PER,-0.7,0.0,de,1
David Gordon Greens,David Gordon Greens,PER,-1.0,0.0,de,1
Gareth Carter,Gareth Carter,PER,0.7,0.0,de,1
Jonas Piontek,Jonas Piontek,PER,0.0,0.0,de,1
Kamila Andinis,Kamila Andinis,PER,0.7,0.0,de,1
Narendra Modi,Narendra Modi,PER,0.0,0.0,de,1
Daniel Priestley,Daniel Priestley,PER,0.0,0.0,de,1
jüngeren Horrorfilmfans,jüngeren Horrorfilmfans,PER,-0.7,0.0,de,1
Chris Benchetlers,Chris Benchetlers,PER,0.0,0.0,de,1
Chris Benchetler,Chris Benchetler,PER,0.0,0.0,de,1
Unblock Cuba,Unblock Cuba,PER,0.0,0.0,de,1
Cristian Benavides,Cristian Benavides,PER,0.0,0.0,de,1
Freddie Mac,Freddie Mac,PER,0.0,0.0,de,1
Mario Bavas Gothic-Meisterwerk,Mario Bavas Gothic-Meisterwerk,PER,0.0,0.0,de,1
Andrew Mountbatten Windsor,Andrew Mountbatten Windsor,PER,0.7,0.0,de,1
Co-CEO von Nuro,Co-CEO von Nuro,PER,0.85,0.0,de,1
Durchzug von Melissa,Durchzug von Melissa,PER,0.0,0.0,de,1
Tuin Khola,Tuin Khola,PER,0.0,0.0,de,1
Ishwar Chhetri,Ishwar Chhetri,PER,0.0,0.0,de,1
Wladimir Putin,Wladimir Putin,PER,-0.625,0.0,de,1
Dana Morris Dixon,Dana Morris Dixon,PER,0.0,0.0,de,1
Dave Ferguson,Dave Ferguson,PER,0.85,0.0,de,1
António Guterres,António Guterres,PER,0.0,0.0,de,1
Karsten Brandt,Karsten Brandt,PER,0.0,0.0,de,1
Galaxies Showcase,Galaxies Showcase,PER,0.7,0.0,de,1
Helmut Feitzlmayr,Helmut Feitzlmayr,PER,0.7,0.0,de,1
Jayden Daniels,Jayden Daniels,PER,0.0,0.0,de,1
Durga Puja,Durga Puja,PER,0.5,0.0,de,1
NBCs Sam B,NBCs Sam B,PER,0.0,0.0,de,1
herabsprudelndes Wasser,herabsprudelndes Wasser,PER,0.0,0.0,de,1
Vize-Zivilschutzleiter Rafaelito Alejandro,Vize-Zivilschutzleiter Rafaelito Alejandro,PER,0.0,0.0,de,1
Zeile auseinandernahm,Zeile auseinandernahm,PER,0.0,0.0,de,1
Rafaelito Alejandro,Rafaelito Alejandro,PER,0.0,0.0,de,1
Mike Le Roux,Mike Le Roux,PER,-0.7,0.0,de,1
Felipe Cabague,Felipe Cabague,PER,0.7,0.0,de,1
Tom Hanson,Tom Hanson,PER,0.0,0.0,de,1
Zoe Mintz,Zoe Mintz,PER,0.0,0.0,de,1
Jeep Wrangler,Jeep Wrangler,PER,0.0,0.0,de,1
Highland Autoplex,Highland Autoplex,PER,0.0,0.0,de,1
Birch Lane,Birch Lane,PER,0.0,0.0,de,1
Taylor Swifts,Taylor Swifts,PER,0.0,0.0,de,1
Dominik Siegrist,Dominik Siegrist,PER,1.0,0.0,de,1
Franz Waldenberger,Franz Waldenberger,PER,0.7,0.0,de,1
Christian Pulisic von Mailands,Christian Pulisic von Mailands,PER,-1.0,0.0,de,1
Lance Richardsons,Lance Richardsons,PER,0.0,0.0,de,1
Jerry Graphics,Jerry Graphics,PER,0.0,0.0,de,1
Filmstar Diane Keaton,Filmstar Diane Keaton,PER,0.0,0.0,de,1
Masterplan Wasser,Masterplan Wasser,PER,0.0,0.0,de,1
Friedhart Knolle,Friedhart Knolle,PER,0.0,0.0,de,1
Banarsi LalJedes Jahr,Banarsi LalJedes Jahr,PER,-1.0,0.0,de,1
Risikos von Naturkatastrophen,Risikos von Naturkatastrophen,PER,-1.0,0.0,de,1
La Niña,La Niña,PER,0.0,0.0,de,1
Claudia Sheinbaum,Claudia Sheinbaum,PER,0.0,0.0,de,1
Chinas Automobildominanz,Chinas Automobildominanz,PER,0.0,0.0,de,1
Chemiekonzerns Bayer,Chemiekonzerns Bayer,PER,0.0,0.0,de,1
Karl Bär,Karl Bär,PER,0.0,0.0,de,1
Trumps Anhängerschaft,Trumps Anhängerschaft,PER,0.7,0.0,de,1
Forstminister Raja,Forstminister Raja,PER,0.7,0.0,de,1
Peter Matthiessen,Peter Matthiessen,PER,0.0,0.0,de,1
Maggie Doherty,Maggie Doherty,PER,0.0,0.0,de,1
Phoenix hart,Phoenix hart,PER,0.7,0.0,de,1
Indileni Daniel,Indileni Daniel,PER,0.0,0.0,de,1
Nebel klart,Nebel klart,PER,-0.7,0.0,de,1
Ingo Nathusius,Ingo Nathusius,PER,0.0,0.0,de,1
Dreames Antwort,Dreames Antwort,PER,0.0,0.0,de,1
Antonia Bornas,Antonia Bornas,PER,0.0,0.0,de,1
Muhammad Wafid,Muhammad Wafid,PER,0.7,0.0,de,1
Ron Swanson,Ron Swanson,PER,-0.7,0.0,de,1
Harry Kane,Harry Kane,PER,0.0,0.0,de,1
Sturm „Bualoi“,Sturm „Bualoi“,PER,0.0,0.0,de,1
"Sturm ""Bualoi"" Hanoi","Sturm ""Bualoi"" Hanoi",PER,-0.7,0.0,de,1
kohlenstoffarme Häuser,kohlenstoffarme Häuser,PER,1.0,0.0,de,1
Asus ROG Xbox Ally,Asus ROG Xbox Ally,PER,0.0,0.0,de,1
Andy Weyman,Andy Weyman,PER,1.0,0.0,de,1
Moulds Nineties-Band,Moulds Nineties-Band,PER,0.5,0.0,de,1
Indiens Regenwassernutzungsmarkt,Indiens Regenwassernutzungsmarkt,PER,0.0,0.0,de,1
Jal Shakti Abhiyan,Jal Shakti Abhiyan,PER,0.0,0.0,de,1
Schweregrads von Softwarefehlern,Schweregrads von Softwarefehlern,PER,1.0,0.0,de,1
Carl Melford,Carl Melford,PER,0.0,0.0,de,1
Wim van den Heever,Wim van den Heever,PER,-0.7,0.0,de,1
Jeremy Friesens,Jeremy Friesens,PER,0.0,0.0,de,1
Nilakshika De Silvas,Nilakshika De Silvas,PER,-1.0,0.0,de,1
Europas Wohlstand,Europas Wohlstand,PER,-1.0,0.0,de,1
Erdbeben-App MyShake,Erdbeben-App MyShake,PER,0.0,0.0,de,1
Brad Rippey,Brad Rippey,PER,0.7,0.0,de,1
"Taifun ""Bualoi","Taifun ""Bualoi",PER,0.0,0.0,de,1
Bo Byrams Schlittschuh,Bo Byrams Schlittschuh,PER,-1.0,0.0,de,1
Brock Nelson,Brock Nelson,PER,0.0,1.0,de,1
rekordhohe Temperaturen,rekordhohe Temperaturen,PER,0.0,0.0,de,1
Max Walker-Silvermans,Max Walker-Silvermans,PER,0.9,0.0,de,1
Kylian Mbappé,Kylian Mbappé,PER,1.0,0.0,de,1
Javier Fernandez Perez,Javier Fernandez Perez,PER,-0.15000000000000002,0.0,de,1
Stephen Baldwin,Stephen Baldwin,PER,0.0,0.0,de,1
Julius Cäsars,Julius Cäsars,PER,0.0,0.0,de,1
Bipin Joshis Leiche,Bipin Joshis Leiche,PER,0.0,0.0,de,1
Cira Gonzalez,Cira Gonzalez,PER,-0.85,0.0,de,1
Kylian Mbappe,Kylian Mbappe,PER,1.0,0.0,de,1
Jay Jones,Jay Jones,PER,0.2333333333333333,0.0,de,1
Charlie Young,Charlie Young,PER,0.0,0.0,de,1
Geert Wilders,Geert Wilders,PER,0.0,0.0,de,1
Ministerpräsidentin Mamata Bane,Ministerpräsidentin Mamata Bane,PER,0.0,0.0,de,1
Bruno Guimaraes,Bruno Guimaraes,PER,0.0,0.0,de,1
Gill Passage,Gill Passage,PER,0.0,0.0,de,1
Michael Burgess,Michael Burgess,PER,0.7,0.0,de,1
Mexikos Vulkan Popocatépetl,Mexikos Vulkan Popocatépetl,PER,0.0,0.0,de,1
Jaime Maussan,Jaime Maussan,PER,-1.0,0.0,de,1
Tom Massey,Tom Massey,PER,0.7,0.0,de,1
Harmony Grove,Harmony Grove,PER,0.0,0.0,de,1
Khagen Murmu,Khagen Murmu,PER,0.0,0.0,de,1
Duca di Salaparutas Vajasindi-Anwesen,Duca di Salaparutas Vajasindi-Anwesen,PER,0.0,0.0,de,1
Negeri Sembilan,Negeri Sembilan,PER,0.0,0.0,de,1
Namibias meistbesuchtes Wildreservat,Namibias meistbesuchtes Wildreservat,PER,0.0,0.0,de,1
Wakayama Ume,Wakayama Ume,PER,0.7,0.0,de,1
James Lowe,James Lowe,PER,0.0,0.0,de,1
Welle von Zombiebränden,Welle von Zombiebränden,PER,0.0,0.0,de,1
Pete Green,Pete Green,PER,-0.7,0.0,de,1
Nick Woltemade,Nick Woltemade,PER,0.0,0.0,de,1
"Sturmtief ""Detlef","Sturmtief ""Detlef",PER,0.0,0.0,de,1
Hurrikan Priscilla,Hurrikan Priscilla,PER,0.0,0.0,de,1
Bahadur Khadka,Bahadur Khadka,PER,0.0,0.0,de,1
Elmar Theveßen,Elmar Theveßen,PER,1.0,0.0,de,1
Nicole Kidman,Nicole Kidman,PER,0.0,0.0,de,1
Keith Urbans,Keith Urbans,PER,0.0,0.0,de,1
Keith Urban,Keith Urban,PER,-1.0,0.0,de,1
Sullivan Fortner,Sullivan Fortner,PER,0.7,0.0,de,1
Avalanche Treasury Co,Avalanche Treasury Co,PER,0.0,0.0,de,1
Gianfranco Rosi,Gianfranco Rosi,PER,1.0,0.0,de,1
Chad Wallin,Chad Wallin,PER,-0.5,0.0,de,1
Trumps Waffenstillstandsaufruf,Trumps Waffenstillstandsaufruf,PER,0.7,0.0,de,1
Paul Lorskulsint,Paul Lorskulsint,PER,0.0,0.0,de,1
Andrej Babis,Andrej Babis,PER,0.0,0.0,de,1
Elfin Forest,Elfin Forest,PER,0.0,0.0,de,1
Nord-Utah hinwegfegten,Nord-Utah hinwegfegten,PER,0.0,0.0,de,1
Orkantief Detlef,Orkantief Detlef,PER,0.0,0.0,de,1
Brittany Holmgren,Brittany Holmgren,PER,0.0,0.0,de,1
Bill Essayli,Bill Essayli,PER,0.0,0.0,de,1
David Linder,David Linder,PER,0.0,0.0,de,1
Charles Eppard,Charles Eppard,PER,0.0,0.0,de,1
Jeremy Leif,Jeremy Leif,PER,0.0,0.0,de,1
Kim Min-Ha,Kim Min-Ha,PER,0.0,0.0,de,1
Tommy Lee Jones,Tommy Lee Jones,PER,1.0,0.0,de,1
Instagram Reels,Instagram Reels,PER,0.7,0.0,de,1
All-Natural Geoengineering,All-Natural Geoengineering,PER,0.0,0.0,de,1
Frank Herberts Dune,Frank Herberts Dune,PER,0.0,0.0,de,1
Toralf Staud,Toralf Staud,PER,0.0,0.0,de,1
Benjamin von Brackel,Benjamin von Brackel,PER,0.0,0.0,de,1
Joe Bastardi,Joe Bastardi,PER,0.0,0.0,de,1
Tim Cooks,Tim Cooks,PER,-0.15000000000000002,0.0,de,1
Pentagon-Chef Hegseth,Pentagon-Chef Hegseth,PER,-0.7,0.0,de,1
Yannis Kefalogiannis,Yannis Kefalogiannis,PER,0.9,0.0,de,1
Natsuse Yamane,Natsuse Yamane,PER,0.0,0.0,de,1
Katastrophenschutz Waldbrände,Katastrophenschutz Waldbrände,PER,0.35,0.5,de,1
Ministerin Behrens,Ministerin Behrens,PER,0.7,0.0,de,1
Chris Davis,Chris Davis,PER,-1.0,0.0,de,1
Lee Jun-ho,Lee Jun-ho,PER,0.0,0.0,de,1
Amir Khan Muttaqi Indien,Amir Khan Muttaqi Indien,PER,0.0,0.0,de,1
Trumps Gaza-Plan,Trumps Gaza-Plan,PER,0.0,0.0,de,1
Nelson Asofa-Solomona,Nelson Asofa-Solomona,PER,0.0,0.0,de,1
Freitag Schauer,Freitag Schauer,PER,-0.7,0.0,de,1
Jonathan Rinderknech,Jonathan Rinderknech,PER,0.0,0.0,de,1
Sophie Rain,Sophie Rain,PER,0.0,0.0,de,1
Campi Flegrei,Campi Flegrei,PER,0.0,0.0,de,1
Joe Bidens,Joe Bidens,PER,-1.0,0.0,de,1
Kulman Ghising,Kulman Ghising,PER,0.0,0.0,de,1
beliebtestem Zaungewächs,beliebtestem Zaungewächs,PER,0.35,0.5,de,1
Indonesiens Tsunami-Erkennung,Indonesiens Tsunami-Erkennung,PER,0.0,0.0,de,1
Mechi Highway,Mechi Highway,PER,0.0,0.0,de,1
Kapitänin Laura Wolvaardt,Kapitänin Laura Wolvaardt,PER,1.0,0.0,de,1
La Nina,La Nina,PER,-0.7,0.0,de,1
Nippert Stadium,Nippert Stadium,PER,0.0,0.0,de,1
Sturm Jerry,Sturm Jerry,PER,-1.0,0.0,de,1
Marcos Jr,Marcos Jr,PER,0.0,0.0,de,1
Kim Jeffrey,Kim Jeffrey,PER,0.2333333333333333,0.0,de,1
James Bond,James Bond,PER,0.7,0.0,de,1
Sg Kaiduan,Sg Kaiduan,PER,0.0,0.0,de,1
Devlet Bahçeli,Devlet Bahçeli,PER,-0.9,0.0,de,1
Ikon Pass,Ikon Pass,PER,0.0,0.0,de,1
Steven Anaver,Steven Anaver,PER,0.0,0.0,de,1
Michael Beck,Michael Beck,PER,0.0,0.0,de,1
Elon Musk trollt Sean Duffy,Elon Musk trollt Sean Duffy,PER,0.0,0.0,de,1
homophobem Meme,homophobem Meme,PER,0.0,0.0,de,1
Steven Anavers Haus,Steven Anavers Haus,PER,-1.0,0.0,de,1
Brandon Padilla-Aguilera,Brandon Padilla-Aguilera,PER,-1.0,0.0,de,1
Barstow hinwegfegten,Barstow hinwegfegten,PER,-1.0,0.0,de,1
Johanna Wagstaffe,Johanna Wagstaffe,PER,0.0,0.0,de,1
Marina Jurica,Marina Jurica,PER,0.0,0.0,de,1
Zac Builds,Zac Builds,PER,0.0,0.0,de,1
Ruth Asentista,Ruth Asentista,PER,0.0,0.0,de,1
Raymond McKay,Raymond McKay,PER,0.7,0.0,de,1
Washington Post,Washington Post,PER,0.0,0.0,de,1
Alexei Ratmanskys,Alexei Ratmanskys,PER,0.0,0.0,de,1
Paul Johnson,Paul Johnson,PER,0.0,0.0,de,1
Elon Musks,Elon Musks,PER,0.0,0.0,de,1
Naturbasierte Lösungen,Naturbasierte Lösungen,PER,0.0,0.0,de,1
Regenbetriebene Energie,Regenbetriebene Energie,PER,0.0,1.0,de,1
David Holmgren,David Holmgren,PER,1.0,0.0,de,1
Steven Tuck,Steven Tuck,PER,0.3333333333333333,0.0,de,1
Boris Pistorius,Boris Pistorius,PER,0.0,0.0,de,1
Mike Dunleavy,Mike Dunleavy,PER,0.0,1.0,de,1
Oliver Kharraz,Oliver Kharraz,PER,0.0,0.0,de,1
Indiens Planentwurf,Indiens Planentwurf,PER,0.0,0.0,de,1
Wissenschaftler entdecken,Wissenschaftler entdecken,PER,0.0,0.0,de,1
Joel Eisiminger,Joel Eisiminger,PER,0.0,0.0,de,1
et­was hö­her,et­was hö­her,PER,0.0,0.0,de,1
Mat Mowbray,Mat Mowbray,PER,-0.7,0.0,de,1
Barebones Hurricane Laterne,Barebones Hurricane Laterne,PER,0.0,0.0,de,1
Lewotobi Laki-Laki,Lewotobi Laki-Laki,PER,0.7,0.0,de,1
Albert Pinto,Albert Pinto,PER,0.0,1.0,de,1
Hundred Acre Wines,Hundred Acre Wines,PER,1.0,0.0,de,1
Ebenezer Scrooge,Ebenezer Scrooge,PER,0.0,0.0,de,1
Agnieszka Hollands Kafka-Film,Agnieszka Hollands Kafka-Film,PER,0.0,0.0,de,1
Franz K,Franz K,PER,0.0,0.0,de,1
Simon King,Simon King,PER,0.0,0.0,de,1
Klimaexpertin Sabine Minninger,Klimaexpertin Sabine Minninger,PER,0.0,0.0,de,1
Colorados Western Slope,Colorados Western Slope,PER,0.0,0.0,de,1
Apples mutigster,Apples mutigster,PER,0.0,0.0,de,1
Mitch Albom,Mitch Albom,PER,0.0,0.0,de,1
Stürmischer Herbst,Stürmischer Herbst,PER,0.0,0.0,de,1
Harlan Cobens Lazarus,Harlan Cobens Lazarus,PER,0.0,0.0,de,1
Vikramjit Singh Sahney,Vikramjit Singh Sahney,PER,0.0,0.0,de,1
Suzielianna Jonie,Suzielianna Jonie,PER,-0.7,0.0,de,1
FBI-Direktor Kash Patel,FBI-Direktor Kash Patel,PER,0.0,0.0,de,1
Heather Schlitz,Heather Schlitz,PER,0.0,0.0,de,1
Kash Patel,Kash Patel,PER,0.0,0.0,de,1
Philip Pullman,Philip Pullman,PER,1.0,0.0,de,1
Island Airwaves,Island Airwaves,PER,0.0,0.0,de,1
Iceland Airwaves,Iceland Airwaves,PER,0.0,0.0,de,1
Sungai Kaiduan,Sungai Kaiduan,PER,0.0,0.0,de,1
Jamie Lee Curtis,Jamie Lee Curtis,PER,0.0,0.0,de,1
Bethan Ackerley,Bethan Ackerley,PER,0.0,0.0,de,1
Tom Schultz,Tom Schultz,PER,0.0,0.0,de,1
Nathan MacKinnon,Nathan MacKinnon,PER,0.0,0.0,de,1
Vanessa Butler,Vanessa Butler,PER,-0.7,0.0,de,1
Jeffrey Kitingan,Jeffrey Kitingan,PER,0.0,0.0,de,1
vergrabenes Eis,vergrabenes Eis,PER,0.0,0.0,de,1
Nick Schutt,Nick Schutt,PER,-0.7,0.0,de,1
I Datuk Seri,I Datuk Seri,PER,0.0,0.0,de,1
Beatrice von York,Beatrice von York,PER,0.0,0.0,de,1
Eugenie von York,Eugenie von York,PER,0.0,0.0,de,1
Raghav Chaddha Parineeti Chopra,Raghav Chaddha Parineeti Chopra,PER,0.0,0.0,de,1
Will Muir,Will Muir,PER,0.0,0.0,de,1
Raghav Chaddha,Raghav Chaddha,PER,0.7,0.0,de,1
Parineeti Chopra,Parineeti Chopra,PER,0.7,0.0,de,1
Rainer Buchhop,Rainer Buchhop,PER,0.0,0.0,de,1
Clare Balding,Clare Balding,PER,0.0,0.0,de,1
Stephen Fry,Stephen Fry,PER,0.0,0.0,de,1
Paloma Faith,Paloma Faith,PER,0.0,0.0,de,1
Bill Mollison,Bill Mollison,PER,1.0,0.0,de,1
Hungry Paul,Hungry Paul,PER,0.0,0.0,de,1
Heather Humphreys,Heather Humphreys,PER,0.0,1.0,de,1
Paul Stanley,Paul Stanley,PER,0.0,0.0,de,1
Shannon Osaka,Shannon Osaka,PER,0.0,0.0,de,1
Mini Crossword,Mini Crossword,PER,0.7,0.0,de,1
Hakenkreuz „Palästina“,Hakenkreuz „Palästina“,PER,0.0,0.0,de,1
Nazi-Themen pro „Palästina,Nazi-Themen pro „Palästina,PER,0.0,0.0,de,1
2023+Anne Bayefsky,2023+Anne Bayefsky,PER,0.0,0.0,de,1
Monica Showalter,Monica Showalter,PER,0.0,0.0,de,1
Sturm «Bualoi,Sturm «Bualoi,PER,0.7,0.0,de,1
Diane Smith,Diane Smith,PER,0.0,0.0,de,1
Venezuelas Krisen,Venezuelas Krisen,PER,0.0,0.0,de,1
Atreyee Mitra,Atreyee Mitra,PER,0.7,0.0,de,1
Sukhdeva Singh,Sukhdeva Singh,PER,0.0,0.0,de,1
Robbie Corey-Boulet,Robbie Corey-Boulet,PER,0.0,0.0,de,1
Alassane Ouattaras,Alassane Ouattaras,PER,0.0,0.0,de,1
Luke Rogers,Luke Rogers,PER,0.0,0.0,de,1
Joan Didion,Joan Didion,PER,0.7,0.0,de,1
Ralph Cad,Ralph Cad,PER,0.0,0.0,de,1
Gene Simmons,Gene Simmons,PER,0.0,0.0,de,1
Nicholas Day,Nicholas Day,PER,1.0,0.0,de,1
Garret Gray,Garret Gray,PER,0.0,0.0,de,1
halbmondförmiger Mund,halbmondförmiger Mund,PER,1.0,0.0,de,1
Apple-Rezension Nr,Apple-Rezension Nr,PER,0.0,0.0,de,1
David Schechter,David Schechter,PER,0.0,0.0,de,1
Vivian McCall,Vivian McCall,PER,0.0,0.0,de,1
Bruce Harrell,Bruce Harrell,PER,0.0,0.0,de,1
Dalton Stewart,Dalton Stewart,PER,0.0,0.0,de,1
Montreals Methan,Montreals Methan,PER,0.0,0.0,de,1
Ranji Trophy,Ranji Trophy,PER,0.0,0.0,de,1
Meghalaya vs,Meghalaya vs,PER,0.0,0.0,de,1
David Rockwells,David Rockwells,PER,0.0,0.0,de,1
Nicholas Spada,Nicholas Spada,PER,0.0,1.0,de,1
Unterkühlter Wanderer,Unterkühlter Wanderer,PER,-0.7,0.0,de,1
Daniel Wolfe,Daniel Wolfe,PER,0.0,0.0,de,1
John Muyskens,John Muyskens,PER,0.0,0.0,de,1
Videos von US-Angriffen,Videos von US-Angriffen,PER,0.0,0.0,de,1
Jane Burston,Jane Burston,PER,0.7,0.0,de,1
Maach Bhaat,Maach Bhaat,PER,1.0,0.0,de,1
West-Nusa Tenggara,West-Nusa Tenggara,PER,0.0,0.0,de,1
Winterflucht Teneriffa,Winterflucht Teneriffa,PER,0.0,1.0,de,1
Carter Vigh,Carter Vigh,PER,0.0,0.0,de,1
Anfänglicher Nebel,Anfänglicher Nebel,PER,0.0,0.0,de,1
Ryu Spaeth,Ryu Spaeth,PER,0.0,0.0,de,1
Rick Thoman,Rick Thoman,PER,-0.7,0.0,de,1
Michael McCown,Michael McCown,PER,0.0,0.0,de,1
Waldverlust Dürre,Waldverlust Dürre,PER,0.7,0.0,de,1
Durchzug von Tropensturm,Durchzug von Tropensturm,PER,0.0,0.0,de,1
Gus Lamont,Gus Lamont,PER,-0.7,0.0,de,1
Angela Denoke,Angela Denoke,PER,-1.0,0.0,de,1
"Supertaifun ""Ragasa","Supertaifun ""Ragasa",PER,0.0,0.0,de,1
Jesse Fox,Jesse Fox,PER,0.7,0.0,de,1
Heather Camacho,Heather Camacho,PER,0.7,0.0,de,1
Prabowo Subiantos,Prabowo Subiantos,PER,0.8500000000000001,0.0,de,1
David Rosner,David Rosner,PER,0.0,0.0,de,1
Gerald Markowitz,Gerald Markowitz,PER,0.0,0.0,de,1
Nebel morgens,Nebel morgens,PER,0.0,1.0,de,1
Karol Nawrocki,Karol Nawrocki,PER,0.0,0.0,de,1
Jessica Wildfire,Jessica Wildfire,PER,0.7,0.0,de,1
Ange Postecoglou,Ange Postecoglou,PER,1.0,0.0,de,1
Heiße Winterflucht-Deals,Heiße Winterflucht-Deals,PER,0.7,0.0,de,1
Ronalyn Balindan,Ronalyn Balindan,PER,0.0,0.0,de,1
Politico eingesehene Chatverlauf,Politico eingesehene Chatverlauf,PER,0.0,0.0,de,1
Einwohner Floridas,Einwohner Floridas,PER,0.0,0.0,de,1
Rich Rodrigue,Rich Rodrigue,PER,0.0,0.0,de,1
Anders Fridén,Anders Fridén,PER,-1.0,0.0,de,1
Vlad Duthiers,Vlad Duthiers,PER,0.0,0.0,de,1
Experten sagen,Experten sagen,PER,0.0,0.0,de,1
Laura Wolvaardt,Laura Wolvaardt,PER,1.0,0.0,de,1
Tazmin Brits,Tazmin Brits,PER,1.0,0.0,de,1
Richard Garriot,Richard Garriot,PER,0.0,0.0,de,1
Owen Garriot,Owen Garriot,PER,0.0,0.0,de,1
Mini Cooper S,Mini Cooper S,PER,0.0,0.0,de,1
Kelly Family,Kelly Family,PER,0.0,0.0,de,1
Sabihullah Mudschahid,Sabihullah Mudschahid,PER,-0.5,0.5,de,1
