week,sentiment_mean,sentiment_std,subjectivity_mean,subjectivity_std,counting
0000-00,0.0,0.0,0.0,0.0,295.0
2025-35,-0.04116902832695278,0.9939368607009008,0.25135521301867875,1.2772209540289103,214.0
2025-36,0.008062727479964896,1.0274941883983022,-0.006081112110639489,1.0022618327930526,101.0
2025-37,-0.07684245615822248,0.9889655269019018,0.04297579317709104,1.2771459417438336,104.0
2025-38,0.021810935316198255,0.9482459612167089,0.016448750853868002,0.9504046834123309,118.0
2025-39,-0.015134960430158747,0.9795075666046085,-0.04176647640758539,1.0679392192183335,326.0
2025-40,0.10244226405119845,1.0135365212626557,0.058213318157757696,1.1048150504135437,409.0
2025-41,-0.045424793606333815,0.9263116140019881,0.017057704645403883,0.9634872411490483,613.0
2025-42,0.010003678117404668,0.9692082121646048,-0.0878802730374767,0.8475959808227095,702.0
2025-43,-0.04701693231966405,0.9616604615560005,-0.11444032043604653,0.8012466496256486,1222.0
2025-44,-0.040521823896423476,0.9712840374507357,-0.015738156341189868,0.968991501703203,1142.0
2025-45,0.01464473745769173,0.9713228204360015,-0.054937979514729535,0.9028133755383239,1008.0
2025-46,0.011934073674312911,0.9629275349720173,-0.10680854599000957,0.808304309856645,831.0
2025-47,0.01709182903077271,0.9576856308157817,0.016759720192446533,0.9769958424189158,1004.0
2025-48,0.025315983891852568,0.972553985651831,0.061804361532005435,1.0497177802927729,769.0
2025-49,0.019963451675496905,0.9891902976827742,0.011618890233876383,1.0608176186786014,944.0
2025-50,-0.03375946919370922,1.0541697086048434,-0.03409052506135045,0.9396298799378885,796.0
2025-51,0.02641890203788827,0.9634230953645785,-0.04325683780244194,0.9151971602995719,870.0
2025-52,0.05037401075060866,0.9175398358405483,0.05348797163924591,1.0544101439160347,464.0
2026-00,0.07203986463868958,1.0037904107508089,0.021321234725830442,0.9522534933094976,464.0
2026-01,-0.027492214563767537,1.012837029402445,-0.060944812371561304,0.8881599321416668,1300.0
2026-02,-0.02681382650319906,0.9916360924843906,-0.017385947636104484,0.9772530607867537,1032.0
2026-03,-0.021834061798224957,0.9310901870204822,0.1556257198664518,1.1721970877013002,1278.0
2026-04,-0.061045264566914,1.0206135352832943,0.1584129173011725,1.171556368390258,1338.0
2026-05,-0.004829278314272053,0.9753941178753587,-0.03638031579369904,0.9493222641855916,1148.0
2026-06,-0.017577131838868835,0.9714375454894819,-0.035987731377676815,0.9125395027466492,999.0
2026-07,-0.04733856559027415,1.0015205232685247,-0.045002667820043196,0.9303679398551289,1291.0
2026-08,0.013542134923983387,0.9555480652893238,0.04462419818484232,1.0383368827405943,913.0
2026-09,0.13148614116221052,1.0469019157647381,-0.040951320547874696,0.9114935013239206,633.0
2026-10,0.035810504880269454,0.9430658364004627,0.022093643622849577,1.0238466514823275,717.0
2026-11,-0.020196100437840724,0.95309010872446,0.024990181375534836,1.0089649609246627,677.0
2026-12,-0.046376558376028644,1.0199587502005205,-0.006376112329010534,0.9649785801471102,557.0
2026-13,0.07066458343497166,0.9300973653095014,-0.0750247918576615,0.895071976788432,559.0
2026-14,0.10141162415125064,0.9440616687368361,-0.01923676930001979,0.9994247307570182,559.0
2026-15,0.036026093304004476,0.982140254580487,-0.07725375286186814,0.7914070657454616,806.0
2026-16,0.15575311251850213,1.0000978722487794,-0.05183395941550906,0.8615424163565265,823.0
2026-17,0.06278081479614388,1.0112595614398299,-0.0041119989647844515,1.04710851521456,864.0
2026-18,-0.02292113998828407,0.9839273550845294,-0.008135841892390186,1.0288465704332945,814.0
2026-19,-0.034760127896916154,0.9904727727606104,-0.08910127032548179,0.8650803078646775,732.0
2026-20,0.08693092270236329,0.9146845699590592,-0.046352640121965834,0.9075811206678996,867.0
2026-21,-0.02572084777394109,1.0024788477188658,-0.06020399415960806,0.8783739796407773,870.0
2026-22,0.10393440067828433,0.9731682512773686,-0.056415591637871264,0.8922152900568389,794.0
2026-23,0.019386300192415024,0.9858238405036508,-0.02528781885882785,0.9386764659122802,941.0
2026-24,0.011570952193131121,1.053799817109032,-0.05609896306013135,0.9581761622914091,983.0
2026-25,-0.021478748183634728,0.9556107810248474,0.13491657990673964,1.1356480621579625,1741.0
2026-26,0.009298157955241089,0.9856891124552359,0.04566797659544338,1.0515306108464462,1445.0
2026-27,-0.05483372870896955,0.9454084133725476,-0.031052062743824625,0.8975104745592171,1187.0
2026-28,-0.03945451787755993,0.9690813271709637,0.020694577236254924,0.9738201014276183,1460.0
2026-29,-0.024897333920550043,0.9705930491119622,0.04960618933866667,0.9828806713008603,900.0
2026-30,0.021640022227616976,1.0025047151728677,-0.011146619912822004,0.981409603988911,1413.0
2026-31,-0.005525044184499651,1.0072979383793594,0.06659948747950692,1.068242685343079,972.0
2026-32,0.0024136615511133656,0.9461365693425888,0.018021486066259702,0.9962814715439544,1272.0
2026-33,-0.0053710275204742865,0.9847833172998007,0.047687879179945034,1.015918174030672,771.0
2026-34,-0.11691436836986144,1.0375063569855913,0.06343523046061085,1.0815225388609153,614.0
2026-35,-0.06272876475159742,0.9684290677654581,-0.007647592808998305,0.9693962527201037,489.0
2026-36,-0.048075424556548,0.9277793466362992,0.05027852325176404,0.9597249839119302,107.0
